stage,members,signs,w_normal,w_stress,rank_power,winsor_q,neutralize,interaction_strength,tanh_temp,regime_lookback,regime_z,threshold_normal,threshold_stress,topk_normal,topk_stress,n_drop,conversion_family,rebalance_mode,hold_buffer,softmax_temp,softmax_power,max_weight,vol_target,lambda_turnover,lambda_dd,parent_id,candidate_id,nonnull_ratio,stress_ratio,topk_effective_max,metrics_split,start_date,end_date,annret,ir,max_drawdown,turnover,objective,elapsed_sec,error
stage2,5ae326c0|1a085ff|4a98|773bd6d,1|-1|-1|-1,0.543564|0.169842|0.208411|0.078182,0.520838|0.146402|0.178703|0.154057,1.8,0.01,True,-0.3411152902160196,1.5494836393152978,40,0.9853135429768859,0.1,0.0,40,35,4,convex_softmax,weekly,10,6.0,1.8,0.060000000000000005,0.015,0.35,0.4,1276331400140963663,5799429978545637032,1.0,0.2918149466192171,40,test_full,2024-01-01,2026-04-30,1.1239500966350413,3.028881179531074,-0.14852648532063475,0.34841004916282226,3.353304611681601,4.534466900000552,
stage2,5ae326c0|1a085ff|4a98|773bd6d,1|-1|-1|-1,0.543564|0.169842|0.208411|0.078182,0.520838|0.146402|0.178703|0.154057,1.8,0.01,True,-0.3411152902160196,1.5494836393152978,40,0.9853135429768859,0.1,0.0,40,35,4,convex_softmax,weekly,10,6.0,1.8,0.060000000000000005,0.015,0.35,0.4,1276331400140963663,5799429978545637032,1.0,0.2603305785123967,40,2024,2024-01-01,2024-12-31,1.1239500966350413,3.028881179531074,-0.14852648532063475,0.34841004916282226,3.353304611681601,2.138924400001997,
stage2,773bd6d|6feaa|bcbecf55,1|1|1,0.086344|0.171547|0.742109,0.104554|0.121763|0.773683,1.8,0.01,False,0.060415909279717156,1.6330431973728483,40,0.35255486104814365,0.6,0.7,55,30,1,convex_softmax,weekly,20,10.0,0.8,0.08,0.0,0.24999999999999997,0.24999999999999997,4424811646513651981,2266275595228298756,1.0,0.3220640569395018,55,test_full,2024-01-01,2026-04-30,0.23172325564907384,2.4391412398596595,-0.03929339515978009,0.29503416297354407,2.459834815368412,5.036854400001175,
stage2,773bd6d|6feaa|bcbecf55,1|1|1,0.073918|0.102989|0.823094,0.124001|0.098126|0.777874,1.8,0.01,False,0.13725348786680222,1.3512865480531766,40,0.492958388648738,0.4,0.6,60,25,3,convex_softmax,weekly,20,10.0,1.0,0.08,0.0,0.35,0.44999999999999996,4424811646513651981,5790572623393396489,1.0,0.297153024911032,60,test_full,2024-01-01,2026-04-30,0.2316720338948543,2.3227712528676263,-0.04106323098478376,0.3068285335271398,2.301155227442659,5.560403499999666,
stage1,773bd6d|6feaa|bcbecf55,1|1|1,0.070811|0.140686|0.788502,0.118515|0.138021|0.743463,1.8,0.01,False,0.0,1.4,40,0.5,0.5,0.6,55,30,2,convex_softmax,weekly,20,12.0,1.0,0.07,0.0,0.35,0.35,,4424811646513651981,1.0,0.29537366548042704,55,test_full,2024-01-01,2026-04-30,0.22283284197476244,2.1674679178036036,-0.04130971906283758,0.30540013877212646,2.146394246450009,5.798285900000337,
stage2,773bd6d|6feaa|bcbecf55,1|1|1,0.070811|0.140686|0.788502,0.118515|0.138021|0.743463,1.8,0.01,False,0.0,1.4,40,0.5,0.5,0.6,55,30,2,convex_softmax,weekly,20,12.0,1.0,0.07,0.0,0.35,0.35,4424811646513651981,7628374442023602785,1.0,0.29537366548042704,55,test_full,2024-01-01,2026-04-30,0.22283284197476244,2.1674679178036036,-0.04130971906283758,0.30540013877212646,2.146394246450009,5.374282199998561,
stage2,773bd6d|6feaa|bcbecf55,1|1|1,0.075674|0.150347|0.773979,0.112724|0.131277|0.755999,1.8,0.01,False,0.05303619759456407,1.1821004061358107,40,0.6173646564402693,0.5,0.7,60,25,3,convex_softmax,weekly,20,10.0,1.3,0.08,0.0,0.35,0.35,4424811646513651981,3707264038917005065,1.0,0.29537366548042704,60,test_full,2024-01-01,2026-04-30,0.21679510587726683,2.044522116090188,-0.04306250522577432,0.31254399421484075,2.017617638930742,5.821687999999995,
stage2,773bd6d|6feaa|bcbecf55,1|1|1,0.082395|0.000116|0.917489,0.105904|0.229744|0.664352,1.8,0.01,False,-0.13715408142199015,1.6341031302171454,40,0.6628193100486496,0.6,0.7,55,30,3,convex_softmax,weekly,20,10.0,1.3,0.08,0.0,0.44999999999999996,0.44999999999999996,4424811646513651981,3551555191657120313,1.0,0.29537366548042704,55,test_full,2024-01-01,2026-04-30,0.2042676251108596,2.0102249034358235,-0.03716254367212751,0.298554069178285,1.9510728589530248,5.475850099999661,
stage2,773bd6d|6feaa|bcbecf55,1|1|1,0.081042|0.161012|0.757946,0.119312|0.138949|0.741739,1.8,0.01,False,-0.12157870815170913,1.2222371187869836,40,0.4985439495205433,0.5,0.7,60,30,2,convex_softmax,weekly,20,14.0,1.0,0.08,0.0,0.44999999999999996,0.24999999999999997,4424811646513651981,567760550306857943,1.0,0.297153024911032,60,test_full,2024-01-01,2026-04-30,0.20826138369371164,1.9524587119362362,-0.04203818750861614,0.30799433938301524,1.8970693349988954,5.4154263000018545,
stage2,5ae326c0|1a085ff|4a98|773bd6d,1|-1|-1|-1,0.510506|0.182144|0.223506|0.083845,0.515549|0.148018|0.180675|0.155758,1.8,0.01,True,-0.45,1.2471354119467604,40,0.9591710312414089,0.0,0.0,45,45,2,convex_softmax,weekly,10,10.0,2.1,0.08,0.015,0.24999999999999997,0.4,1276331400140963663,4360354530918596789,1.0,0.2918149466192171,45,test_full,2024-01-01,2026-04-30,0.6248732983337861,1.5607023807191056,-0.40190791395176606,0.35335211167724506,1.5927941714692917,4.079776300000958,
stage2,82c1e7c7|773bd6d,-1|1,0.115610|0.884390,0.538862|0.461138,1.3,0.01,True,-0.14947334692133396,0.9190878918739104,60,1.2144951988471786,0.5,0.5,55,30,3,convex_softmax,weekly,20,6.0,1.3,0.03,0.0,0.35,0.5,8249762378892918326,9059917938937458766,1.0,0.17437722419928825,55,test_full,2024-01-01,2026-04-30,0.24741460509913543,1.6069628565087588,-0.080174533386706,0.3077139282165716,1.5705122872342168,5.357715199999802,
stage2,82c1e7c7|773bd6d,-1|1,0.144291|0.855709,0.529851|0.470149,1.3,0.01,True,-0.078979897518055,0.940624577527378,60,1.1736955069516783,0.6,0.5,55,30,2,convex_softmax,weekly,20,6.0,1.6,0.03,0.0,0.44999999999999996,0.6,8249762378892918326,6992318444614145991,1.0,0.17437722419928825,55,test_full,2024-01-01,2026-04-30,0.24955761633427026,1.6289368207439738,-0.0806248942379269,0.30968467964352436,1.5535047057120535,5.513373999998294,
stage2,773bd6d|6feaa,1|-1,0.409853|0.590147,0.484641|0.515359,1.3,0.05,False,-0.06932967863881109,0.8607201617716573,90,0.515755702746288,0.0,0.6,35,30,2,convex_softmax,weekly,30,10.0,1.0,0.060000000000000005,0.0,0.24999999999999997,0.4,5590990339578620701,4155960751738700842,1.0,0.28291814946619215,35,test_full,2024-01-01,2026-04-30,0.22664217688562374,1.4569285622088222,-0.08245504124893777,0.3088511672045439,1.4487227335066417,4.283455900000263,
stage2,773bd6d|6feaa,1|-1,0.450486|0.549514,0.515894|0.484106,1.3,0.05,False,-0.09398823391872738,0.8911047715997699,90,0.7249052119154843,0.0,0.7999999999999999,35,25,3,convex_softmax,weekly,30,8.0,1.0,0.05,0.0,0.44999999999999996,0.5,5590990339578620701,5400485352565892455,1.0,0.28291814946619215,35,test_full,2024-01-01,2026-04-30,0.2303003996915899,1.4883086951962448,-0.08158810582090384,0.3085931348115295,1.4122829114818198,3.910297400001582,
stage2,773bd6d|6feaa,1|-1,0.435194|0.564806,0.576651|0.423349,1.3,0.05,False,-0.07688792141222296,1.2080467407762454,90,0.48110145494074663,0.1,0.7,35,20,3,convex_softmax,weekly,30,10.0,1.0,0.05,0.0,0.44999999999999996,0.4,5590990339578620701,6737086787588401258,1.0,0.28647686832740216,35,test_full,2024-01-01,2026-04-30,0.2166206243769763,1.3696075719834415,-0.08502415269849137,0.3097516193677322,1.293688963158205,4.065443100000266,
stage1,773bd6d|6feaa,1|-1,0.510922|0.489078,0.472508|0.527492,1.3,0.05,False,0.0,1.1,90,0.5,0.0,0.7,35,25,3,convex_softmax,weekly,30,8.0,1.3,0.05,0.0,0.35,0.5,,5590990339578620701,1.0,0.28291814946619215,35,test_full,2024-01-01,2026-04-30,0.21346193269034197,1.3430721450584113,-0.08582325822919641,0.31000329700363016,1.2877172317031964,3.8366857999972126,
stage2,773bd6d|6feaa,1|-1,0.510922|0.489078,0.472508|0.527492,1.3,0.05,False,0.0,1.1,90,0.5,0.0,0.7,35,25,3,convex_softmax,weekly,30,8.0,1.3,0.05,0.0,0.35,0.5,5590990339578620701,6255286767163662712,1.0,0.28291814946619215,35,test_full,2024-01-01,2026-04-30,0.21346193269034197,1.3430721450584113,-0.08582325822919641,0.31000329700363016,1.2877172317031964,4.021105900003022,
stage2,82c1e7c7|773bd6d,-1|1,0.327629|0.672371,0.633910|0.366090,1.3,0.01,True,-0.0815327367758051,0.6559519129328246,60,1.3318274111516677,0.5,0.4,55,40,3,convex_softmax,weekly,20,10.0,1.3,0.02,0.0,0.44999999999999996,0.4,8249762378892918326,4817564687467486603,1.0,0.17437722419928825,55,test_full,2024-01-01,2026-04-30,0.2199696333232159,1.3691163461848488,-0.08868076692352281,0.3268998966959745,1.2855254208976983,5.589672799997061,
stage2,d4526da|82c1e7c7|4a98,1|-1|1,0.334374|0.117881|0.547745,0.572201|0.094747|0.333053,0.7,0.02,True,0.27634413462555807,1.0424299102874928,40,0.5263459411332287,0.4,0.5,35,30,3,convex_softmax,weekly,10,10.0,1.3,0.07,0.0,0.24999999999999997,0.35,1528132978337233644,2260144696968949527,1.0,0.29537366548042704,35,test_full,2024-01-01,2026-04-30,0.19165057913789185,1.3143977816518182,-0.09937662965824717,0.33076273351477,1.2831680385047906,5.137632400001166,
stage2,82c1e7c7|773bd6d,-1|1,0.314085|0.685915,0.585581|0.414419,1.3,0.01,True,-0.07618578936637956,1.069093086970348,60,1.304155240154889,0.6,0.5,50,35,2,convex_softmax,weekly,20,6.0,1.0,0.03,0.0,0.35,0.5,8249762378892918326,400691365512561959,1.0,0.17437722419928825,50,test_full,2024-01-01,2026-04-30,0.1899791750122836,1.2196975188259562,-0.08813973181945817,0.3142177573722812,1.1511420665914565,5.316608400000405,
stage2,5ae326c0|1a085ff|4a98|773bd6d,1|-1|-1|-1,0.606980|0.013200|0.276206|0.103614,0.451970|0.142119|0.217988|0.187924,1.8,0.01,True,-0.20771671687396062,1.304735160359522,40,0.945961371066859,0.0,0.0,40,40,3,convex_softmax,weekly,10,8.0,2.1,0.060000000000000005,0.015,0.35,0.6,1276331400140963663,4524707360071664219,1.0,0.2918149466192171,40,test_full,2024-01-01,2026-04-30,0.3912127339291995,1.2236211230687482,-0.20293237466840774,0.36331148803724,1.1507484077228092,5.221618200001103,
stage2,773bd6d|6feaa,1|-1,0.478043|0.521957,0.458741|0.541259,1.3,0.05,False,0.13949059254686494,1.2920481353867035,90,0.6923603465898942,0.0,0.7,35,20,3,convex_softmax,weekly,30,10.0,1.6,0.04,0.0,0.24999999999999997,0.4,5590990339578620701,5399946194567272836,1.0,0.28291814946619215,35,test_full,2024-01-01,2026-04-30,0.18721553233176552,1.1364304247521992,-0.0917828522886535,0.3118413865168129,1.1060039267568293,3.8634416999993846,
stage2,d4526da|82c1e7c7|4a98,1|-1|1,0.480750|0.104695|0.414555,0.510090|0.093540|0.396371,0.7,0.02,True,0.23123681779912914,0.807973917457433,40,0.7073439963084077,0.6,0.4,40,40,4,convex_softmax,weekly,10,6.0,1.3,0.08,0.0,0.24999999999999997,0.35,1528132978337233644,6269033302341852482,1.0,0.29359430604982206,40,test_full,2024-01-01,2026-04-30,0.15288410774590716,1.0733672056476344,-0.10508966185641448,0.3214537126573328,1.0250202443192142,5.179528799999389,
stage1,d4526da|82c1e7c7|4a98,1|-1|1,0.448495|0.097671|0.453835,0.547049|0.100317|0.352634,0.7,0.02,True,0.2,0.9,40,0.5,0.5,0.4,35,35,3,convex_softmax,weekly,10,8.0,1.3,0.07,0.0,0.35,0.35,,1528132978337233644,1.0,0.29537366548042704,35,test_full,2024-01-01,2026-04-30,0.16291872031948879,1.0987898728696504,-0.10987868638854209,0.3250698729458096,1.0198713012463974,5.151142799997615,
stage2,d4526da|82c1e7c7|4a98,1|-1|1,0.448495|0.097671|0.453835,0.547049|0.100317|0.352634,0.7,0.02,True,0.2,0.9,40,0.5,0.5,0.4,35,35,3,convex_softmax,weekly,10,8.0,1.3,0.07,0.0,0.35,0.35,1528132978337233644,446282082654330137,1.0,0.29537366548042704,35,test_full,2024-01-01,2026-04-30,0.16291872031948879,1.0987898728696504,-0.10987868638854209,0.3250698729458096,1.0198713012463974,4.98547680000047,
stage1,6feaa|54bd583a,-1|1,0.921536|0.078464,0.900306|0.099694,1.3,0.01,True,-0.2,1.4,60,1.1,0.6,0.6,45,45,2,topk_dropout,daily,10,8.0,1.3,0.05,0.02,0.35,0.35,,3436788388752002827,1.0,0.17437722419928825,45,test_full,2024-01-01,2026-04-30,0.09060421810679134,1.0271965869661512,-0.07656383911178583,0.08668188214065427,1.0108324826758532,9.298193900001934,
stage2,6feaa|54bd583a,-1|1,0.921536|0.078464,0.900306|0.099694,1.3,0.01,True,-0.2,1.4,60,1.1,0.6,0.6,45,45,2,topk_dropout,daily,10,8.0,1.3,0.05,0.02,0.35,0.35,3436788388752002827,6756228231379296476,1.0,0.17437722419928825,45,test_full,2024-01-01,2026-04-30,0.09060421810679134,1.0271965869661512,-0.07656383911178583,0.08668188214065427,1.0108324826758532,9.546243499997217,
stage2,6feaa|54bd583a,-1|1,0.928898|0.071102,0.902044|0.097956,1.3,0.01,True,-0.34856676004178766,1.564267509779365,60,1.086045323926249,0.6,0.5,45,45,2,topk_dropout,daily,10,6.0,1.0,0.060000000000000005,0.02,0.44999999999999996,0.35,3436788388752002827,961496761674020122,1.0,0.17437722419928825,45,test_full,2024-01-01,2026-04-30,0.09060421810679134,1.0271965869661512,-0.07656383911178583,0.08668188214065427,1.0021642944617877,9.750677399999404,
stage1,5ae326c0|1a085ff|4a98|773bd6d,1|-1|-1|-1,0.500854|0.185735|0.227913|0.085498,0.436068|0.172303|0.210318|0.181312,1.8,0.01,True,-0.35,1.4,40,1.1,0.0,0.0,40,40,3,convex_softmax,weekly,10,8.0,1.8,0.07,0.015,0.35,0.5,,1276331400140963663,1.0,0.16725978647686832,40,test_full,2024-01-01,2026-04-30,0.3824579659058942,1.085281776402082,-0.27578831285698824,0.36461793719050906,0.991877426614562,4.429602300002443,
stage2,5ae326c0|1a085ff|4a98|773bd6d,1|-1|-1|-1,0.500854|0.185735|0.227913|0.085498,0.436068|0.172303|0.210318|0.181312,1.8,0.01,True,-0.35,1.4,40,1.1,0.0,0.0,40,40,3,convex_softmax,weekly,10,8.0,1.8,0.07,0.015,0.35,0.5,1276331400140963663,602406148415136869,1.0,0.16725978647686832,40,test_full,2024-01-01,2026-04-30,0.3824579659058942,1.085281776402082,-0.27578831285698824,0.36461793719050906,0.991877426614562,4.662133699999686,
stage2,2ac6|457cf7fc,1|1,0.585693|0.414307,0.411619|0.588381,1.3,0.01,False,0.20031566141939333,0.7572671485043432,60,0.6629516024809932,0.19999999999999998,0.7,50,45,2,topk_dropout,daily,20,10.0,1.3,0.04,0.015,0.05,0.6,2736934464921297732,1742046630763719213,1.0,0.2846975088967972,50,test_full,2024-01-01,2026-04-30,0.08265915650274536,1.0189689065024383,-0.11297156877320311,0.08504508898239534,0.9841303312156323,9.914471699998103,
stage2,6feaa|bcbecf55|5ae326c0,-1|-1|1,0.018869|0.326631|0.654500,0.058794|0.408215|0.532992,1.3,0.05,True,-0.15573767016191123,0.8387169489352762,40,1.210955424975488,0.5,0.0,45,30,3,topk_dropout,daily,30,6.0,0.8,0.04,0.0,0.25,0.4,200816157544250964,1947533909480223896,1.0,0.16725978647686832,45,test_full,2024-01-01,2026-04-30,0.08843277245948594,1.0090582049085628,-0.08886979251483199,0.13838805684007288,0.9787080212993804,9.792723999998998,
stage2,6feaa|bcbecf55|5ae326c0,-1|-1|1,0.021139|0.343102|0.635759,0.056723|0.314116|0.629161,1.3,0.05,True,-0.17368936664177853,0.6338451977924475,40,0.863954347688421,0.5,0.0,50,35,3,topk_dropout,daily,30,10.0,0.8,0.04,0.0,0.15,0.5,200816157544250964,3662801416188589455,1.0,0.2918149466192171,50,test_full,2024-01-01,2026-04-30,0.080462228530867,0.9538994115607957,-0.08256885423076629,0.12406931218332767,0.9302125904568036,10.210320999998657,
stage2,6feaa|bcbecf55|5ae326c0,-1|-1|1,0.178743|0.300008|0.521249,0.000106|0.384943|0.614951,1.3,0.05,True,-0.19700633417238664,0.6396757256252819,40,0.9885908406951223,0.30000000000000004,0.0,45,25,3,topk_dropout,daily,30,10.0,0.8,0.04,0.0,0.25,0.6,200816157544250964,4647386120003095977,1.0,0.2918149466192171,45,test_full,2024-01-01,2026-04-30,0.08328585473554634,0.9621895027539421,-0.08189394082938578,0.1374781997485643,0.9161622229501655,9.777160800000274,
stage1,6feaa|bcbecf55|5ae326c0,-1|-1|1,0.020667|0.357754|0.621579,0.052535|0.364759|0.582706,1.3,0.05,True,-0.2,0.7,40,1.1,0.4,0.0,45,30,3,topk_dropout,daily,30,8.0,1.0,0.03,0.0,0.25,0.5,,200816157544250964,1.0,0.16725978647686832,45,test_full,2024-01-01,2026-04-30,0.08289932661500922,0.9425685449533406,-0.08032838097532563,0.13590682904953846,0.9057323441800473,10.11781080000219,
stage2,6feaa|bcbecf55|5ae326c0,-1|-1|1,0.020667|0.357754|0.621579,0.052535|0.364759|0.582706,1.3,0.05,True,-0.2,0.7,40,1.1,0.4,0.0,45,30,3,topk_dropout,daily,30,8.0,1.0,0.03,0.0,0.25,0.5,200816157544250964,7626141138070968048,1.0,0.16725978647686832,45,test_full,2024-01-01,2026-04-30,0.08289932661500922,0.9425685449533406,-0.08032838097532563,0.13590682904953846,0.9057323441800473,10.169786099999328,
stage1,82c1e7c7|773bd6d,-1|1,0.274581|0.725419,0.592122|0.407878,1.3,0.01,True,0.0,0.9,60,1.1,0.6,0.4,50,35,2,convex_softmax,weekly,20,8.0,1.3,0.03,0.0,0.35,0.5,,8249762378892918326,1.0,0.17437722419928825,50,test_full,2024-01-01,2026-04-30,0.15974380281268297,0.9935991396349764,-0.0977033672917414,0.31814321913225535,0.9052820405585236,5.741704399999435,
stage2,82c1e7c7|773bd6d,-1|1,0.274581|0.725419,0.592122|0.407878,1.3,0.01,True,0.0,0.9,60,1.1,0.6,0.4,50,35,2,convex_softmax,weekly,20,8.0,1.3,0.03,0.0,0.35,0.5,8249762378892918326,3970256987573164761,1.0,0.17437722419928825,50,test_full,2024-01-01,2026-04-30,0.15974380281268297,0.9935991396349764,-0.0977033672917414,0.31814321913225535,0.9052820405585236,5.191024399999151,
stage2,d4526da|82c1e7c7|4a98,1|-1|1,0.423495|0.092226|0.484279,0.543863|0.099733|0.356404,0.7,0.02,True,0.08984941181257533,0.6611691680065301,40,0.41637400738248426,0.6,0.5,40,30,4,convex_softmax,weekly,10,8.0,1.0,0.08,0.0,0.24999999999999997,0.44999999999999996,1528132978337233644,2899954563110910421,1.0,0.3202846975088968,40,test_full,2024-01-01,2026-04-30,0.1405971119003594,0.9449899296881465,-0.11126573713733283,0.3228265368471773,0.8774824141197142,5.3026055000009364,
stage2,6feaa|54bd583a,-1|1,0.922451|0.077549,0.883943|0.116057,1.3,0.01,True,-0.34678146920796127,1.510392339481717,60,0.9290132360271266,0.7,0.5,50,50,2,topk_dropout,daily,10,8.0,1.3,0.04,0.02,0.35,0.35,3436788388752002827,4628437571874365129,1.0,0.28291814946619215,50,test_full,2024-01-01,2026-04-30,0.07642731187973335,0.8972849468237772,-0.07545222508319398,0.08043617277965481,0.8771162979176601,10.06151310000132,
stage2,d4526da|82c1e7c7|4a98,1|-1|1,0.419881|0.102738|0.477381,0.612287|0.085868|0.301844,0.7,0.02,True,0.085582318936926,1.0569976642293428,40,0.5343635383400194,0.6,0.4,40,40,2,convex_softmax,weekly,10,6.0,1.3,0.060000000000000005,0.0,0.44999999999999996,0.35,1528132978337233644,1684310924087431305,1.0,0.29537366548042704,40,test_full,2024-01-01,2026-04-30,0.1361580678903672,0.9743670996190938,-0.10662985909744761,0.31576229102422176,0.8562247485247527,5.648909399998956,
stage2,6feaa|54bd583a,-1|1,0.911048|0.088952,0.902736|0.097264,1.3,0.01,True,-0.34595243690985966,1.259297751145013,60,1.2213976178796104,0.7,0.6,50,50,3,topk_dropout,daily,10,8.0,1.3,0.05,0.02,0.24999999999999997,0.35,3436788388752002827,6826190901508104790,1.0,0.17437722419928825,50,test_full,2024-01-01,2026-04-30,0.07411916698286224,0.8755728230189475,-0.06885080596390322,0.12084225608541543,0.8546181020525155,10.476648399999249,
stage2,6feaa|e2300230,-1|1,0.424013|0.575987,0.678687|0.321313,1.8,0.01,True,-0.027588321388983844,0.7891514795150051,60,0.812692949771088,0.6,0.30000000000000004,45,35,1,topk_dropout,daily,30,6.0,1.5,0.02,0.0,0.05,0.35,4778913270829583393,5508083939488290071,1.0,0.28291814946619215,45,test_full,2024-01-01,2026-04-30,0.07558704268225866,0.8504958475789033,-0.10624589661173647,0.042125232220337754,0.845217691360795,9.052731299998413,
stage2,6feaa|54bd583a,-1|1,0.831890|0.168110,0.860334|0.139666,1.3,0.01,True,-0.22269540913072433,1.6280510592629946,60,1.1852506610986282,0.6,0.5,45,40,3,topk_dropout,daily,10,8.0,1.3,0.04,0.02,0.24999999999999997,0.35,3436788388752002827,5094779964539571267,1.0,0.17437722419928825,45,test_full,2024-01-01,2026-04-30,0.07386980407214731,0.8628910769191588,-0.07108485344847769,0.1297475708169318,0.838815897340425,10.070352099999582,
stage2,6feaa|54bd583a,-1|1,0.824196|0.175804,0.999889|0.000111,1.3,0.01,True,-0.12303367758659481,1.5675035180117431,60,1.1332890816530037,0.5,0.7,50,50,3,topk_dropout,daily,10,8.0,1.3,0.04,0.02,0.44999999999999996,0.24999999999999997,3436788388752002827,3752426211477726002,1.0,0.17437722419928825,50,test_full,2024-01-01,2026-04-30,0.07411916698286224,0.8755728230189475,-0.06885080596390322,0.12084225608541543,0.8373347314318228,10.361569699998654,
stage2,d4526da|82c1e7c7|4a98,1|-1|1,0.498581|0.088800|0.412619,0.514727|0.107476|0.377798,0.7,0.02,True,0.31790356200268577,1.1173887192981578,40,0.5406217917224774,0.4,0.5,35,35,4,convex_softmax,weekly,10,10.0,1.0,0.08,0.0,0.44999999999999996,0.24999999999999997,1528132978337233644,6385780772849384808,1.0,0.29537366548042704,35,test_full,2024-01-01,2026-04-30,0.134713046366493,0.9344106746602293,-0.10771202166496056,0.32401344352643024,0.8222974905220174,4.909722599997622,
stage2,6feaa|bcbecf55|5ae326c0,-1|-1|1,0.018563|0.423125|0.558311,0.046070|0.442932|0.510998,1.3,0.05,True,-0.1907955719140689,0.8932410964530981,40,1.0855727553062486,0.30000000000000004,0.0,45,25,3,topk_dropout,daily,30,8.0,1.0,0.04,0.0,0.25,0.4,200816157544250964,8305445096992646116,1.0,0.16725978647686832,45,test_full,2024-01-01,2026-04-30,0.0732763265530459,0.8533195791415629,-0.08324400241293331,0.1316884511393671,0.8200742123404184,9.565533599998162,
stage1,2ac6|457cf7fc,1|1,0.614397|0.385603,0.519358|0.480642,1.3,0.01,False,0.35,0.9,60,0.8,0.3,0.7,50,45,2,topk_dropout,daily,20,8.0,1.3,0.05,0.015,0.15,0.5,,2736934464921297732,1.0,0.28291814946619215,50,test_full,2024-01-01,2026-04-30,0.06791860442908076,0.8553057933631052,-0.10708581742946771,0.08767083863826515,0.8191756308457179,10.153110100000049,
stage2,2ac6|457cf7fc,1|1,0.614397|0.385603,0.519358|0.480642,1.3,0.01,False,0.35,0.9,60,0.8,0.3,0.7,50,45,2,topk_dropout,daily,20,8.0,1.3,0.05,0.015,0.15,0.5,2736934464921297732,7344312671296903429,1.0,0.28291814946619215,50,test_full,2024-01-01,2026-04-30,0.06791860442908076,0.8553057933631052,-0.10708581742946771,0.08767083863826515,0.8191756308457179,9.76966259999972,
stage2,2ac6|457cf7fc,1|1,0.721406|0.278594,0.564125|0.435875,1.3,0.01,False,0.3655442421304157,1.121526256188512,60,1.0311585519578486,0.4,0.6,50,50,3,topk_dropout,daily,20,6.0,1.6,0.04,0.015,0.15,0.5,2736934464921297732,100925625606275149,1.0,0.17437722419928825,50,test_full,2024-01-01,2026-04-30,0.0635848700244443,0.8197257490473769,-0.0754952620226478,0.13503568724605897,0.7903359564601441,10.501636799999687,
stage1,8df189f4|352791cc|54bd583a|05ef8bd1,1|-1|1|-1,0.181485|0.076316|0.113903|0.628295,0.277039|0.069378|0.156388|0.497195,0.7,0.01,True,-0.35,1.1,60,0.8,0.5,0.4,50,35,1,topk_dropout,daily,10,8.0,1.3,0.05,0.015,0.35,0.5,,35540216687726676,1.0,0.28291814946619215,50,test_full,2024-01-01,2026-04-30,0.07216747182057191,0.835901754972981,-0.12128674927381694,0.05388196670829358,0.7888750543074272,9.347675799999706,
stage2,8df189f4|352791cc|54bd583a|05ef8bd1,1|-1|1|-1,0.181485|0.076316|0.113903|0.628295,0.277039|0.069378|0.156388|0.497195,0.7,0.01,True,-0.35,1.1,60,0.8,0.5,0.4,50,35,1,topk_dropout,daily,10,8.0,1.3,0.05,0.015,0.35,0.5,35540216687726676,8225824119264106371,1.0,0.28291814946619215,50,test_full,2024-01-01,2026-04-30,0.07216747182057191,0.835901754972981,-0.12128674927381694,0.05388196670829358,0.7888750543074272,9.572786000000633,
stage2,6feaa|e2300230,-1|1,0.346275|0.653725,0.608222|0.391778,1.8,0.01,True,-0.18211812549428885,0.9186892127204882,60,0.5855825627238583,0.6,0.5,40,30,2,topk_dropout,daily,30,4.0,1.8,0.02,0.0,0.05,0.24999999999999997,4778913270829583393,8207251920405962049,1.0,0.2846975088967972,40,test_full,2024-01-01,2026-04-30,0.0666203238343883,0.7589821776068714,-0.0958776729176205,0.10993326717147243,0.7594952417443674,8.848981800001638,
stage2,6feaa|e2300230,-1|1,0.519130|0.480870,0.521495|0.478505,1.8,0.01,True,-0.18849715328043667,0.9386728790129492,60,0.6387149050040792,0.4,0.30000000000000004,40,30,2,topk_dropout,daily,30,4.0,1.8,0.02,0.0,0.05,0.24999999999999997,4778913270829583393,5047752532806034855,1.0,0.2846975088967972,40,test_full,2024-01-01,2026-04-30,0.0666203238343883,0.7589821776068714,-0.0958776729176205,0.10993326717147243,0.7594952417443674,8.839460999999574,
stage1,6feaa|e2300230,-1|1,0.423364|0.576636,0.611294|0.388706,1.8,0.01,True,-0.1,0.7,60,0.8,0.5,0.4,40,30,2,topk_dropout,daily,30,6.0,1.8,0.03,0.0,0.15,0.35,,4778913270829583393,1.0,0.28291814946619215,40,test_full,2024-01-01,2026-04-30,0.06652630170709926,0.7550564844557331,-0.09602443266247912,0.1102133266901081,0.734852769788544,8.682598799998232,
stage2,6feaa|e2300230,-1|1,0.423364|0.576636,0.611294|0.388706,1.8,0.01,True,-0.1,0.7,60,0.8,0.5,0.4,40,30,2,topk_dropout,daily,30,6.0,1.8,0.03,0.0,0.15,0.35,4778913270829583393,651216193438460076,1.0,0.28291814946619215,40,test_full,2024-01-01,2026-04-30,0.06652630170709926,0.7550564844557331,-0.09602443266247912,0.1102133266901081,0.734852769788544,8.645359999998618,
stage2,82c1e7c7|773bd6d,-1|1,0.386047|0.613953,0.631070|0.368930,1.3,0.01,True,0.09008950555936193,0.9746944500589727,60,0.9100945363423265,0.5,0.5,55,30,3,convex_softmax,weekly,20,6.0,1.0,0.04,0.0,0.24999999999999997,0.5,8249762378892918326,3234863481513039,1.0,0.28291814946619215,55,test_full,2024-01-01,2026-04-30,0.115968344711857,0.7985772424752396,-0.08231688557040635,0.3394614359185925,0.724739195830724,5.630735300001106,
stage2,6feaa|e2300230,-1|1,0.484620|0.515380,0.663923|0.336077,1.8,0.01,True,-0.13677224829252882,0.7809600357568574,60,0.7841966321888154,0.5,0.4,45,30,3,topk_dropout,daily,30,8.0,2.1,0.04,0.0,0.15,0.44999999999999996,4778913270829583393,4176723954405060772,1.0,0.28291814946619215,45,test_full,2024-01-01,2026-04-30,0.06302734858648287,0.7511866579089495,-0.09737954216461762,0.14272055944232365,0.7143200868824403,10.120910300000105,
stage2,6feaa|e2300230,-1|1,0.304485|0.695515,0.641030|0.358970,1.8,0.01,True,-0.06753800534151633,0.6914446637178113,60,0.6160458867265897,0.4,0.30000000000000004,45,30,3,topk_dropout,daily,30,8.0,1.8,0.02,0.0,0.15,0.44999999999999996,4778913270829583393,5632734870494382639,1.0,0.2846975088967972,45,test_full,2024-01-01,2026-04-30,0.06302734858648287,0.7511866579089495,-0.09737954216461762,0.14272055944232365,0.7143200868824403,9.791617599999881,
stage1,4a98|587bba62|7406,1|1|1,0.044870|0.315315|0.639815,0.058518|0.278813|0.662669,1.0,0.0,False,0.35,0.7,40,0.8,0.6,0.0,45,40,2,topk_dropout,daily,30,6.0,1.0,0.03,0.02,0.35,0.5,,37540174805578748,1.0,0.2918149466192171,45,test_full,2024-01-01,2026-04-30,0.060614170056494505,0.7414774179677812,-0.0930343529247662,0.09199598940176695,0.6900380217402022,10.077771400003257,
stage2,8df189f4|352791cc|54bd583a|05ef8bd1,1|-1|1|-1,0.156351|0.065747|0.098128|0.679774,0.295329|0.073959|0.166713|0.463999,0.7,0.01,True,-0.20028015436955018,1.0719236147583493,60,1.0252218372433641,0.5,0.5,45,35,1,topk_dropout,daily,10,6.0,1.0,0.060000000000000005,0.015,0.24999999999999997,0.6,35540216687726676,1603143790064815585,1.0,0.17437722419928825,45,test_full,2024-01-01,2026-04-30,0.0659182682530177,0.7288803436785953,-0.11494929610039004,0.04946142011383737,0.6772086317037599,8.56358199999886,
stage2,2ac6|457cf7fc,1|1,0.727226|0.272774,0.439669|0.560331,1.3,0.01,False,0.45,0.6903259790630629,60,0.9918861988511631,0.4,0.7,55,40,2,topk_dropout,daily,20,10.0,1.3,0.05,0.015,0.05,0.6,2736934464921297732,492519616527690404,1.0,0.28291814946619215,55,test_full,2024-01-01,2026-04-30,0.052928760942372116,0.6644474139426018,-0.10847899157624047,0.07388748133212707,0.6194835873543185,10.63585950000197,
stage1,1a085ff|275618b3|457cf7fc|0d7d238a,1|1|1|1,0.032526|0.599491|0.167913|0.200070,0.134054|0.267626|0.107839|0.490481,0.7,0.05,True,-0.1,0.7,40,0.5,0.4,0.5,45,25,2,topk_dropout,daily,10,6.0,1.3,0.03,0.0,0.35,0.35,,2267719310753709898,1.0,0.29537366548042704,45,test_full,2024-01-01,2026-04-30,0.053522108567076024,0.6577039624950661,-0.09165588061677812,0.09443046964882328,0.6166586887572898,9.918374100001529,
stage1,0d7d238a|6feaa|05ef8bd1|e2300230,1|-1|1|-1,0.346047|0.046591|0.543005|0.064357,0.318481|0.337555|0.303271|0.040693,1.8,0.05,False,0.35,1.1,90,0.5,0.0,0.7,55,45,3,topk_dropout,daily,30,12.0,1.0,0.03,0.015,0.15,0.5,,4758790397943374903,1.0,0.28291814946619215,55,test_full,2024-01-01,2026-04-30,0.05256160784222246,0.6632180897745914,-0.11467999835597964,0.10845722640004508,0.6132622301655949,11.030516599999828,
stage1,587bba62|ae098013|1a085ff|3e594f3f,1|1|1|1,0.419503|0.185625|0.064796|0.330076,0.380345|0.200203|0.115621|0.303831,0.7,0.02,True,0.2,1.1,60,0.5,0.5,0.7,35,25,4,topk_dropout,daily,10,12.0,1.3,0.07,0.0,0.15,0.2,,3885642126570210218,1.0,0.2846975088967972,35,test_full,2024-01-01,2026-04-30,0.05317283246880781,0.6151442707827204,-0.12812343312479396,0.23667072338335313,0.5779467502612222,8.916898700001184,
stage2,2ac6|457cf7fc,1|1,0.676395|0.323605,0.578379|0.421621,1.3,0.01,False,0.45,0.9571264702866992,60,0.9502036948738966,0.19999999999999998,0.7999999999999999,50,50,2,topk_dropout,daily,20,6.0,1.3,0.060000000000000005,0.015,0.25,0.6,2736934464921297732,6523828369057373606,1.0,0.28291814946619215,50,test_full,2024-01-01,2026-04-30,0.050216497498084614,0.6187840856876096,-0.1141345753271179,0.08436288314977948,0.551810043578032,9.89729349999834,
stage2,6feaa|bcbecf55|5ae326c0,-1|-1|1,0.017467|0.457204|0.525329,0.047119|0.430243|0.522638,1.3,0.05,True,-0.11305355905562145,0.7086228649769293,40,1.1441526546882326,0.30000000000000004,0.0,50,25,3,topk_dropout,daily,30,6.0,1.0,0.04,0.0,0.25,0.5,200816157544250964,79843382597871143,1.0,0.16725978647686832,50,test_full,2024-01-01,2026-04-30,0.04737655702014437,0.5874856095536817,-0.074751898321847,0.11677441775817018,0.5422355066122806,10.2430217000001,
stage2,5ae326c0|1a085ff|4a98|773bd6d,1|-1|-1|-1,0.543564|0.169842|0.208411|0.078182,0.520838|0.146402|0.178703|0.154057,1.8,0.01,True,-0.3411152902160196,1.5494836393152978,40,0.9853135429768859,0.1,0.0,40,35,4,convex_softmax,weekly,10,6.0,1.8,0.060000000000000005,0.015,0.35,0.4,1276331400140963663,5799429978545637032,1.0,0.16883116883116883,40,2026_ytd,2026-01-01,2026-04-30,0.14693280055399915,0.6395408974912115,-0.11848890449525207,0.34064472354704417,0.5390394427009448,0.7550647999996727,
stage2,6feaa|bcbecf55|5ae326c0,-1|-1|1,0.020620|0.356937|0.622443,0.061172|0.424726|0.514102,1.3,0.05,True,-0.11061267082463852,0.5,40,1.2764649402336783,0.30000000000000004,0.1,45,25,4,topk_dropout,daily,30,6.0,0.8,0.02,0.0,0.35,0.4,200816157544250964,3951436847890932577,1.0,0.16725978647686832,45,test_full,2024-01-01,2026-04-30,0.05087538287608048,0.5910292260674918,-0.10001774437212801,0.16851378442224152,0.5149362260650923,10.225105500001519,
stage1,1a085ff|e2300230|587bba62,1|1|1,0.527801|0.379863|0.092336,0.457860|0.321177|0.220963,0.7,0.0,True,0.0,0.7,40,0.8,0.0,0.5,45,25,3,topk_dropout,daily,30,6.0,1.3,0.03,0.02,0.15,0.5,,5604634677354357076,1.0,0.2918149466192171,45,test_full,2024-01-01,2026-04-30,0.042697151641309626,0.5565959624097185,-0.12034331969280286,0.1413299947002539,0.49443852159686835,9.646802899998875,
stage1,5003b27b|3e594f3f|d4526da|352791cc,-1|1|1|1,0.266129|0.123193|0.540605|0.070073,0.218801|0.172882|0.554186|0.054131,1.3,0.01,True,0.35,1.1,60,0.5,0.6,0.5,55,45,2,topk_dropout,daily,20,6.0,1.8,0.07,0.0,0.35,0.5,,3051711581100483689,1.0,0.2846975088967972,55,test_full,2024-01-01,2026-04-30,0.04458231326115274,0.5472610701347015,-0.13255736470926477,0.06903492253672941,0.4768822058597325,11.010592999999062,
stage1,5ae326c0|352791cc|275618b3,1|1|1,0.268954|0.543600|0.187446,0.232863|0.388906|0.378231,1.0,0.0,True,0.2,0.7,90,0.8,0.0,0.5,50,40,2,topk_dropout,daily,30,6.0,1.8,0.03,0.0,0.15,0.5,,3001496919398717927,1.0,0.28291814946619215,50,test_full,2024-01-01,2026-04-30,0.04313524338316583,0.5336588437518405,-0.13226334051883207,0.0803403013017911,0.4748869878195804,9.882137900000089,
stage1,e2300230|6feaa|7406,1|1|1,0.317278|0.157558|0.525164,0.271579|0.237556|0.490865,1.3,0.02,False,0.0,0.9,40,0.5,0.4,0.7,45,40,2,topk_dropout,daily,20,8.0,1.8,0.07,0.02,0.35,0.35,,3295805479473034173,1.0,0.29537366548042704,45,test_full,2024-01-01,2026-04-30,0.04122847216446121,0.4933760272523902,-0.10887250828037678,0.0960178461522441,0.4402172156749805,8.724710100002994,
stage2,6feaa|54bd583a,-1|1,0.917427|0.082573,0.896551|0.103449,1.3,0.01,True,-0.07791127143548413,1.5698583773675137,60,1.2514093196638743,0.5,0.5,40,40,1,topk_dropout,daily,10,6.0,1.3,0.060000000000000005,0.02,0.24999999999999997,0.24999999999999997,3436788388752002827,8188907879156754826,1.0,0.17437722419928825,40,test_full,2024-01-01,2026-04-30,0.04049843336893597,0.461541771183783,-0.11664344461944545,0.0452638865052297,0.43928923341863535,8.215291099997557,
stage1,6feaa|e2300230|82c1e7c7|773bd6d,-1|1|1|1,0.073696|0.099116|0.157086|0.670102,0.194157|0.094721|0.136753|0.574370,1.0,0.05,True,0.35,1.1,40,1.1,0.0,0.7,50,45,2,topk_dropout,daily,10,12.0,1.0,0.05,0.015,0.25,0.5,,6558005698937085150,1.0,0.16725978647686832,50,test_full,2024-01-01,2026-04-30,0.036850815393471965,0.48947738476558283,-0.10286960206285355,0.07983579125269386,0.434666502848045,10.911551400000462,
stage2,8df189f4|352791cc|54bd583a|05ef8bd1,1|-1|1|-1,0.016884|0.091663|0.136809|0.754645,0.261257|0.070893|0.159802|0.508048,0.7,0.01,True,-0.31190576417958854,0.94869819149166,60,0.7025858964262028,0.4,0.5,55,40,1,topk_dropout,daily,10,8.0,1.3,0.05,0.015,0.24999999999999997,0.5,35540216687726676,4039363546332823840,1.0,0.28291814946619215,55,test_full,2024-01-01,2026-04-30,0.03497345140006309,0.48187419264767484,-0.1144908983559863,0.039892608610275423,0.43039364444714123,9.919712000002619,
stage1,587bba62|bcbecf55|d4526da,1|1|1,0.034056|0.089046|0.876898,0.164189|0.318369|0.517442,1.0,0.05,False,-0.1,0.9,90,1.1,0.3,0.4,40,40,3,topk_dropout,daily,30,12.0,1.3,0.03,0.02,0.35,0.35,,7397569875774894177,1.0,0.17437722419928825,40,test_full,2024-01-01,2026-04-30,0.043151990260809604,0.5003062123110923,-0.11847511036923508,0.15100081379788993,0.4254080344699629,10.18344789999901,
stage2,2ac6|457cf7fc,1|1,0.625983|0.374017,0.486285|0.513715,1.3,0.01,False,0.45,0.9300852646857636,60,0.8612150909697132,0.4,0.7999999999999999,55,40,1,topk_dropout,daily,20,8.0,1.3,0.05,0.015,0.25,0.6,2736934464921297732,6562828186700286316,1.0,0.28291814946619215,55,test_full,2024-01-01,2026-04-30,0.040218887631528366,0.4867924497314866,-0.11868288772626831,0.04384027668475789,0.4227211473587239,10.036483899999439,
stage2,8df189f4|352791cc|54bd583a|05ef8bd1,1|-1|1|-1,0.132727|0.080862|0.120688|0.665723,0.285387|0.068577|0.154582|0.491454,0.7,0.01,True,-0.44737536402443356,1.2001006113448807,60,0.7152249890040328,0.6,0.4,55,35,2,topk_dropout,daily,10,6.0,1.6,0.060000000000000005,0.015,0.35,0.5,35540216687726676,5304163669414129148,1.0,0.28291814946619215,55,test_full,2024-01-01,2026-04-30,0.03774830449531115,0.4732648206103877,-0.10144927937065189,0.06834274221871944,0.4156069581714,10.3909410999986,
stage1,0d7d238a|c40b1997,1|-1,0.575685|0.424315,0.404255|0.595745,1.0,0.0,False,-0.35,1.1,60,0.8,0.0,0.7,50,35,2,topk_dropout,daily,30,8.0,1.3,0.03,0.015,0.25,0.35,,1977035146658923364,1.0,0.28291814946619215,50,test_full,2024-01-01,2026-04-30,0.03782181045630262,0.4371344673297716,-0.15125578972792109,0.07302726224566934,0.3829579400689181,10.425749000001815,
stage2,8df189f4|352791cc|54bd583a|05ef8bd1,1|-1|1|-1,0.163235|0.169205|0.102448|0.565112,0.276027|0.072775|0.155817|0.495380,0.7,0.01,True,-0.43037748231475004,1.0376536155785605,60,0.8339020853671701,0.4,0.30000000000000004,50,35,1,topk_dropout,daily,10,10.0,1.6,0.05,0.015,0.44999999999999996,0.5,35540216687726676,3299254177252942898,1.0,0.28291814946619215,50,test_full,2024-01-01,2026-04-30,0.03429207613717084,0.4464939369386056,-0.1226520887629591,0.042651510255535256,0.3814061472038621,9.323743900000409,
stage1,05ef8bd1|4a98|94a52,-1|-1|1,0.766135|0.026865|0.207000,0.441310|0.138930|0.419760,1.0,0.05,False,-0.2,1.4,90,1.1,0.5,0.5,35,25,3,convex_softmax,weekly,30,12.0,1.3,0.07,0.015,0.25,0.2,,4585905493995478704,1.0,0.17437722419928825,35,test_full,2024-01-01,2026-04-30,0.07068201520174704,0.4354765491379801,-0.06928692691740938,0.29924292231005434,0.37861534001777086,4.240249299997231,
stage2,8df189f4|352791cc|54bd583a|05ef8bd1,1|-1|1|-1,0.196459|0.000108|0.123300|0.680133,0.246604|0.171612|0.139208|0.442575,0.7,0.01,True,-0.279217060842963,0.852138915846001,60,0.5764700434896699,0.5,0.30000000000000004,55,30,1,topk_dropout,daily,10,8.0,1.3,0.05,0.015,0.35,0.4,35540216687726676,4150971636981916028,1.0,0.2846975088967972,55,test_full,2024-01-01,2026-04-30,0.033557206913472123,0.4097645353473475,-0.09389860335889061,0.03877975510005752,0.3737329228298336,10.210561199997755,
stage1,3e594f3f|bcbecf55|457cf7fc,1|1|1,0.364311|0.490348|0.145342,0.321705|0.494552|0.183743,1.0,0.05,True,0.0,1.1,90,1.1,0.3,0.4,55,30,3,topk_dropout,daily,20,12.0,1.8,0.05,0.015,0.35,0.35,,4247242583571642356,1.0,0.17437722419928825,55,test_full,2024-01-01,2026-04-30,0.03288032824158086,0.43862976649848334,-0.12130205003914385,0.11280299238513618,0.3714891493586967,11.793106199998874,
stage1,0d7d238a|29864|05ef8bd1,1|-1|-1,0.453777|0.154715|0.391507,0.214718|0.096589|0.688692,1.0,0.05,False,0.2,1.4,60,1.1,0.5,0.0,50,25,1,topk_dropout,daily,30,8.0,1.0,0.07,0.0,0.25,0.2,,4260348814457711211,1.0,0.17437722419928825,50,test_full,2024-01-01,2026-04-30,0.033365983704748456,0.3684706765913535,-0.09569342183540862,0.04518419312371051,0.353050636610481,10.162257600000885,
stage1,6feaa|ae098013|bc641,1|-1|1,0.450604|0.256326|0.293071,0.326716|0.339732|0.333552,0.7,0.05,False,0.0,1.1,90,0.5,0.5,0.7,50,45,1,topk_dropout,daily,20,12.0,1.3,0.03,0.02,0.15,0.35,,2829846636207272467,1.0,0.28291814946619215,50,test_full,2024-01-01,2026-04-30,0.020718691518766742,0.2732090430672643,-0.08799732865563066,0.039353749908560776,0.24583032673495447,9.351099100000283,
stage2,5ae326c0|1a085ff|4a98|773bd6d,1|-1|-1|-1,0.421008|0.315545|0.191579|0.071868,0.427096|0.189332|0.205991|0.177581,1.8,0.01,True,-0.32968398826947853,1.2429596253545534,40,1.0328863384820732,0.0,0.0,45,45,4,convex_softmax,weekly,10,6.0,2.1,0.060000000000000005,0.015,0.24999999999999997,0.6,1276331400140963663,5818068420333901117,1.0,0.16725978647686832,45,test_full,2024-01-01,2026-04-30,0.11283056654942034,0.39109958183333837,-0.18074438599538467,0.350431284868909,0.2458188839661195,4.503315000001749,
stage2,773bd6d|6feaa|bcbecf55,1|1|1,0.082395|0.000116|0.917489,0.109427|0.204122|0.686451,1.8,0.01,False,0.1351417645103504,1.5753975874202055,40,0.3585232712940876,0.6,0.5,50,35,3,convex_softmax,weekly,20,10.0,1.0,0.07,0.0,0.44999999999999996,0.35,4424811646513651981,5017976879632138779,1.0,0.3220640569395018,50,test_full,2024-01-01,2026-04-30,0.04544541156425295,0.4053980316267373,-0.15408591045314513,0.30083885752286504,0.2365409122867611,6.032824199999595,
stage1,ae098013|d4526da|457cf7fc,1|1|1,0.838091|0.138888|0.023021,0.750627|0.180630|0.068742,1.8,0.02,False,-0.2,1.1,90,0.5,0.5,0.6,50,35,2,topk_dropout,daily,20,8.0,1.8,0.05,0.0,0.25,0.5,,4020550504439815443,1.0,0.28291814946619215,50,test_full,2024-01-01,2026-04-30,0.020369369300258344,0.2834847050072164,-0.10168690152157664,0.08050668866558196,0.22168079826514886,9.883940899999288,
stage2,8df189f4|352791cc|54bd583a|05ef8bd1,1|-1|1|-1,0.177113|0.098573|0.111158|0.613156,0.297660|0.000107|0.168029|0.534204,0.7,0.01,True,-0.3121099545228031,1.1351656195740856,60,0.627082621031416,0.5,0.30000000000000004,55,30,2,topk_dropout,daily,10,8.0,1.3,0.05,0.015,0.35,0.4,35540216687726676,5807279458401270138,1.0,0.2846975088967972,55,test_full,2024-01-01,2026-04-30,0.022385105227790716,0.2770022005775541,-0.10846384243139384,0.070499599279132,0.21901510120980622,10.659732799998892,
stage1,1a085ff|54bd583a|4a98,-1|1|1,0.289318|0.558350|0.152333,0.572981|0.315822|0.111196,1.8,0.01,False,-0.2,0.9,60,0.5,0.0,0.5,40,40,1,topk_dropout,daily,20,12.0,1.0,0.03,0.015,0.15,0.5,,5684217068742847421,1.0,0.2846975088967972,40,test_full,2024-01-01,2026-04-30,0.022326215488651897,0.24813451908923104,-0.09828127442129664,0.04497702825309671,0.20229412461051155,8.47683269999834,
stage1,6feaa|bc641|3e594f3f|352791cc,-1|-1|-1|1,0.172040|0.191984|0.097413|0.538563,0.349098|0.123164|0.270415|0.257323,1.0,0.01,True,-0.35,0.9,60,0.5,0.6,0.0,45,45,3,topk_dropout,daily,20,8.0,1.3,0.07,0.015,0.15,0.35,,7361687831845942110,1.0,0.2846975088967972,45,test_full,2024-01-01,2026-04-30,0.019571675218929226,0.24478166392623277,-0.11934050013285759,0.13295614563582905,0.1918763208828764,10.428426700000273,
stage2,2ac6|457cf7fc,1|1,0.548956|0.451044,0.619895|0.380105,1.3,0.01,False,0.2666451796409832,0.7281056069838825,60,0.6117910193477001,0.19999999999999998,0.7999999999999999,55,50,1,topk_dropout,daily,20,8.0,1.0,0.060000000000000005,0.015,0.05,0.5,2736934464921297732,5877924716394951442,1.0,0.2846975088967972,55,test_full,2024-01-01,2026-04-30,0.020064366750387926,0.23896852417475614,-0.14803497328964557,0.040197273329355264,0.17197013890114016,10.057076599998254,
stage1,2ac6|0ed35c|1a085ff,-1|1|-1,0.294278|0.589117|0.116605,0.277739|0.600654|0.121607,1.3,0.05,False,0.2,1.4,40,0.5,0.5,0.0,35,30,3,topk_dropout,daily,10,8.0,1.8,0.07,0.0,0.15,0.2,,4437531049497965674,1.0,0.29537366548042704,35,test_full,2024-01-01,2026-04-30,0.011657966961314728,0.15179844935305295,-0.10927149287940502,0.16406484915134095,0.11058050853706242,9.15195980000135,
stage2,6feaa|e2300230,-1|1,0.436762|0.563238,0.600311|0.399689,1.8,0.01,True,0.028790401709419322,0.7570753863132,60,0.5502558517587353,0.6,0.30000000000000004,40,25,1,topk_dropout,daily,30,6.0,2.1,0.02,0.0,0.25,0.24999999999999997,4778913270829583393,1387928644927166426,1.0,0.2846975088967972,40,test_full,2024-01-01,2026-04-30,0.01095019080198146,0.12149155168314471,-0.21734985678380103,0.05140295464837049,0.05923093468599349,8.326847899999848,
stage1,457cf7fc|3e594f3f|ae098013,-1|1|-1,0.234758|0.239320|0.525922,0.122204|0.478677|0.399119,1.0,0.05,True,0.1,0.7,40,0.8,0.3,0.7,35,35,4,convex_softmax,weekly,20,8.0,1.8,0.07,0.02,0.35,0.2,,3326624008344427026,1.0,0.2918149466192171,35,test_full,2024-01-01,2026-04-30,0.04035407939903637,0.22851621680233034,-0.3454343914991197,0.35036965595813596,0.05495929464672519,6.798521099997743,
stage1,1a085ff|05ef8bd1|0ed35c,1|-1|-1,0.776060|0.210148|0.013791,0.417472|0.219897|0.362631,0.7,0.05,False,-0.1,1.1,40,0.5,0.0,0.6,45,35,2,topk_dropout,daily,20,12.0,1.0,0.05,0.015,0.35,0.2,,57573035510660796,1.0,0.29537366548042704,45,test_full,2024-01-01,2026-04-30,0.004296016252721986,0.05411837788553731,-0.11214119108508463,0.08062985209729626,0.005402898748191588,9.354835599999205,
stage1,1a085ff|5003b27b,1|-1,0.824753|0.175247,0.740516|0.259484,1.3,0.01,False,-0.1,0.9,60,1.1,0.5,0.0,35,25,4,topk_dropout,daily,10,12.0,1.3,0.03,0.015,0.35,0.5,,8335277405747824155,1.0,0.17437722419928825,35,test_full,2024-01-01,2026-04-30,0.012046941789160086,0.1394350977847195,-0.1588018367686106,0.22950815842668532,-0.014872552243803613,9.299526999999216,
stage1,5003b27b|e2300230,1|-1,0.320716|0.679284,0.494272|0.505728,0.7,0.0,True,0.1,1.1,90,0.8,0.0,0.5,50,40,2,topk_dropout,daily,10,8.0,1.3,0.05,0.015,0.25,0.35,,7311612131808358621,1.0,0.28291814946619215,50,test_full,2024-01-01,2026-04-30,0.0010045681866721402,0.014750728102663598,-0.10151929552596693,0.08511312216282031,-0.04160725018812744,10.201576999999816,
stage1,773bd6d|4a98|54bd583a|c40b1997,1|1|-1|-1,0.603074|0.017723|0.122405|0.256799,0.425502|0.222543|0.094956|0.256998,1.8,0.01,False,-0.35,1.1,90,1.1,0.3,0.5,50,45,2,topk_dropout,daily,20,8.0,1.0,0.05,0.02,0.15,0.2,,7318709157504519549,1.0,0.17437722419928825,50,test_full,2024-01-01,2026-04-30,-0.0006224702052489514,-0.008452674632121559,-0.12482930530965997,0.08287789804279183,-0.04613033199283435,10.318674899997859,
stage1,d4526da|82c1e7c7|bc641,-1|-1|-1,0.140437|0.469833|0.389730,0.194747|0.474428|0.330825,0.7,0.02,False,-0.1,1.1,90,0.5,0.4,0.4,50,45,3,topk_dropout,daily,20,12.0,1.0,0.03,0.015,0.25,0.2,,3892201834853503232,1.0,0.28291814946619215,50,test_full,2024-01-01,2026-04-30,-0.00018461543668959047,-0.0019845513787483536,-0.09186534510512466,0.11471968797774555,-0.04912061934071999,11.034600800001499,
stage1,d4526da|1a085ff,-1|1,0.379496|0.620504,0.213151|0.786849,1.0,0.0,True,0.1,1.1,40,0.5,0.3,0.0,55,25,4,topk_dropout,daily,20,12.0,1.0,0.05,0.02,0.25,0.2,,1475944063393462750,1.0,0.29537366548042704,55,test_full,2024-01-01,2026-04-30,-0.00506896336778502,-0.07117011104293433,-0.10872953819357237,0.13661227753043567,-0.12935012157976097,11.745939699998416,
stage1,05ef8bd1|d4526da|0ed35c,1|-1|1,0.736782|0.101309|0.161909,0.762446|0.086986|0.150568,1.0,0.05,False,0.0,1.4,60,0.5,0.6,0.5,50,35,1,topk_dropout,daily,10,12.0,1.3,0.07,0.02,0.15,0.35,,5628504634473879635,1.0,0.2846975088967972,50,test_full,2024-01-01,2026-04-30,-0.007295113825623017,-0.09388665499712612,-0.16424765880311248,0.041908509942373814,-0.1609424132911019,9.66436579999936,
stage1,82c1e7c7|1a085ff|d4526da,1|1|-1,0.296699|0.450123|0.253178,0.217401|0.525599|0.257000,1.0,0.01,False,0.0,0.7,90,0.5,0.0,0.0,35,30,1,topk_dropout,daily,20,12.0,1.0,0.05,0.0,0.35,0.35,,5205096459858454358,1.0,0.28291814946619215,35,test_full,2024-01-01,2026-04-30,-0.01083695023238947,-0.1337560457981974,-0.1399857305703344,0.06674331503679681,-0.21098783936526858,8.196841700002551,
stage1,d4526da|457cf7fc|1a085ff|29864,-1|1|-1|1,0.144566|0.175200|0.523858|0.156377,0.082785|0.145408|0.391311|0.380495,0.7,0.05,False,-0.35,0.9,60,0.8,0.3,0.6,55,35,2,convex_softmax,weekly,10,12.0,1.8,0.07,0.02,0.35,0.2,,1217764385242734923,1.0,0.28291814946619215,55,test_full,2024-01-01,2026-04-30,-0.007974372099181315,-0.0781295388651364,-0.07256056608361455,0.3373783043544362,-0.21431252605054357,5.963815900002373,
stage1,29864|457cf7fc|2ac6,-1|1|-1,0.716351|0.146666|0.136983,0.645602|0.211941|0.142456,0.7,0.0,True,0.2,1.1,60,0.8,0.5,0.7,50,40,3,topk_dropout,daily,30,8.0,1.3,0.05,0.0,0.25,0.35,,2218010259230774526,1.0,0.28291814946619215,50,test_full,2024-01-01,2026-04-30,-0.013469684887608874,-0.16097628740344574,-0.15807329247109875,0.1115631061126275,-0.2502540744959112,10.70599829999992,
stage1,bcbecf55|94a52|8df189f4,1|-1|1,0.688729|0.194922|0.116349,0.489731|0.352486|0.157783,1.0,0.0,True,0.2,1.1,60,1.1,0.6,0.6,55,25,4,topk_dropout,daily,20,6.0,1.3,0.03,0.0,0.15,0.5,,3174511544606155075,1.0,0.17437722419928825,55,test_full,2024-01-01,2026-04-30,-0.012909447112476715,-0.14769154594041503,-0.215437275588529,0.14965591540067652,-0.28366782224539555,14.041739000000234,
stage1,6feaa|ae098013|d4526da,1|-1|-1,0.282126|0.666512|0.051362,0.199913|0.733337|0.066751,1.3,0.0,True,0.0,0.7,40,1.1,0.3,0.5,45,30,1,topk_dropout,daily,30,6.0,1.3,0.05,0.0,0.25,0.2,,6019761310699181958,1.0,0.16725978647686832,45,test_full,2024-01-01,2026-04-30,-0.020675521180166294,-0.26911973172508286,-0.13441199536894036,0.04377944441841837,-0.31625097643455036,9.326213599997573,
stage1,94a52|82c1e7c7|8df189f4,1|-1|-1,0.117886|0.140826|0.741288,0.196183|0.258398|0.545419,1.3,0.05,True,-0.1,1.1,60,0.5,0.0,0.0,55,25,4,topk_dropout,daily,20,12.0,1.8,0.05,0.0,0.15,0.5,,6539592189379113088,1.0,0.2846975088967972,55,test_full,2024-01-01,2026-04-30,-0.02179518064185742,-0.2490045977333394,-0.10119627349872663,0.14006205734315055,-0.3304198743730112,11.512134800002968,
stage1,6feaa|3e594f3f|587bba62|05ef8bd1,-1|-1|1|-1,0.129788|0.485206|0.055878|0.329129,0.089453|0.639338|0.070011|0.201198,1.8,0.02,True,-0.1,0.9,40,0.5,0.5,0.0,45,45,3,topk_dropout,daily,20,6.0,1.8,0.03,0.015,0.25,0.2,,4106193699990029495,1.0,0.29537366548042704,45,test_full,2024-01-01,2026-04-30,-0.0283406065427161,-0.2683213206694382,-0.12376685873468699,0.13149905092192823,-0.33870272809107993,10.52977749999991,
stage1,457cf7fc|0d7d238a|94a52|54bd583a,-1|-1|-1|-1,0.122292|0.013290|0.378935|0.485483,0.089496|0.046208|0.393817|0.470479,1.3,0.05,True,-0.35,0.7,60,1.1,0.3,0.0,50,45,3,topk_dropout,daily,10,8.0,1.3,0.07,0.0,0.35,0.5,,6730598003068980590,1.0,0.17437722419928825,50,test_full,2024-01-01,2026-04-30,-0.018653926791566237,-0.2724456418463409,-0.11533509881158792,0.11667827789233635,-0.3793448555706574,11.190986699999485,
stage1,54bd583a|94a52,-1|1,0.811283|0.188717,0.813440|0.186560,1.8,0.02,False,-0.2,0.9,60,0.8,0.5,0.5,50,35,4,topk_dropout,daily,20,12.0,1.8,0.07,0.015,0.35,0.35,,3866493181149646877,1.0,0.28291814946619215,50,test_full,2024-01-01,2026-04-30,-0.02143361735288301,-0.30764650915089387,-0.1059700082763235,0.1444168477740136,-0.40492703657730916,11.058970500002033,
stage1,ae098013|e2300230,1|-1,0.869781|0.130219,0.686441|0.313559,1.0,0.05,False,0.2,0.9,60,0.5,0.0,0.0,45,25,4,convex_softmax,weekly,30,6.0,1.0,0.07,0.02,0.25,0.2,,6979074154268318315,1.0,0.2846975088967972,45,test_full,2024-01-01,2026-04-30,-0.03506905595573816,-0.36357189618136654,-0.09408233818434493,0.32448707282881273,-0.4792912072055209,6.600447400000121,
stage1,8df189f4|ae098013,-1|1,0.702069|0.297931,0.636067|0.363933,0.7,0.0,False,0.0,1.4,60,0.5,0.6,0.4,55,35,3,topk_dropout,daily,20,12.0,1.3,0.07,0.015,0.25,0.35,,8732130710488327971,1.0,0.2846975088967972,55,test_full,2024-01-01,2026-04-30,-0.03996086228965265,-0.5432064632145102,-0.14591435117506396,0.10571915640004487,-0.6386886632561375,11.616545599998062,
stage2,82c1e7c7|773bd6d,-1|1,0.337170|0.662830,0.545577|0.454423,1.3,0.01,True,-0.011156477454311253,0.7455821538118967,60,1.275172823647994,0.6,0.30000000000000004,45,30,2,convex_softmax,weekly,20,10.0,1.6,0.03,0.0,0.35,0.6,8249762378892918326,1265411031069927170,1.0,0.17437722419928825,45,test_full,2024-01-01,2026-04-30,-0.07142882973254075,-0.43143443005656545,-0.10150869438579285,0.3476070523531572,-0.6461450883912896,4.938561300001311,
stage1,bcbecf55|94a52,1|1,0.234313|0.765687,0.556732|0.443268,0.7,0.01,False,0.35,0.9,40,1.1,0.3,0.4,40,40,4,topk_dropout,daily,10,12.0,1.0,0.05,0.02,0.15,0.35,,2960381660562057031,1.0,0.16725978647686832,40,test_full,2024-01-01,2026-04-30,-0.04706712781696551,-0.5637987720422014,-0.19636091969985653,0.19608909725950105,-0.6831186660437109,10.717717300001823,
stage1,587bba62|1a085ff|7406|352791cc,-1|-1|1|-1,0.322935|0.014431|0.460169|0.202465,0.256491|0.105473|0.283339|0.354698,1.3,0.02,True,0.2,1.1,40,0.5,0.4,0.6,45,30,3,convex_softmax,weekly,10,12.0,1.0,0.05,0.0,0.15,0.2,,4936293949341036992,1.0,0.29537366548042704,45,test_full,2024-01-01,2026-04-30,-0.10571169962057413,-0.6177290353976078,-0.15966916772767148,0.3716568681169168,-0.7529816639899379,5.338041200000589,
stage1,0ed35c|3e594f3f,-1|1,0.762167|0.237833,0.602837|0.397163,0.7,0.05,True,-0.35,1.1,90,1.1,0.5,0.0,45,30,1,topk_dropout,daily,30,6.0,1.0,0.05,0.015,0.35,0.2,,1257727372821066491,1.0,0.17437722419928825,45,test_full,2024-01-01,2026-04-30,-0.0565263378201348,-0.7567642357510783,-0.148426273228176,0.04164185825127929,-0.8264609928037219,9.18258490000153,
stage1,4a98|94a52|e2300230|5ae326c0,1|-1|-1|-1,0.241929|0.109598|0.624971|0.023502,0.209425|0.222892|0.512532|0.055151,1.3,0.0,False,-0.1,1.1,40,0.5,0.5,0.6,40,30,3,topk_dropout,daily,20,6.0,1.0,0.05,0.0,0.25,0.2,,213545947695479458,1.0,0.29537366548042704,40,test_full,2024-01-01,2026-04-30,-0.07406226423532149,-0.7152409612701728,-0.22471350464052714,0.14632386215240145,-0.8300926466422731,9.21817480000027,
stage1,e2300230|29864|0d7d238a,-1|-1|1,0.081119|0.805353|0.113529,0.105556|0.582568|0.311876,1.8,0.02,True,-0.1,0.7,90,1.1,0.0,0.6,40,30,4,convex_softmax,weekly,10,12.0,1.8,0.07,0.015,0.15,0.35,,5648068181062734406,1.0,0.17437722419928825,40,test_full,2024-01-01,2026-04-30,-0.1628751314703726,-0.7587024912178018,-0.21906896084196012,0.3207097386149229,-0.9567768974663939,5.2065623000016785,
stage1,773bd6d|6feaa,-1|1,0.131907|0.868093,0.147589|0.852411,1.0,0.05,False,0.2,1.4,40,1.1,0.0,0.0,50,40,4,topk_dropout,daily,30,6.0,1.3,0.03,0.015,0.25,0.5,,8272210805358650028,1.0,0.16725978647686832,50,test_full,2024-01-01,2026-04-30,-0.055687600552683236,-0.8360943781826659,-0.1936888212633549,0.14075217354840455,-0.9931862524501519,11.407672600002115,
stage1,05ef8bd1|2ac6|bcbecf55|0ed35c,1|-1|-1|-1,0.378339|0.194309|0.360197|0.067156,0.298144|0.362773|0.296812|0.042272,0.7,0.01,False,-0.1,0.7,90,1.1,0.3,0.0,45,30,1,convex_softmax,weekly,20,8.0,1.3,0.03,0.015,0.15,0.2,,3172121979151812653,1.0,0.17437722419928825,45,test_full,2024-01-01,2026-04-30,-0.09812739134668715,-0.9255222464968016,-0.08680744660574902,0.30115986291628194,-1.0322150413614029,6.445181999999477,
stage1,457cf7fc|d4526da,-1|-1,0.832590|0.167410,0.812768|0.187232,1.8,0.05,True,0.35,1.1,60,1.1,0.4,0.7,45,25,4,topk_dropout,daily,10,8.0,1.0,0.03,0.02,0.25,0.5,,7597772635285007325,1.0,0.17437722419928825,45,test_full,2024-01-01,2026-04-30,-0.08093255732821016,-0.8724840159895041,-0.23057128696940313,0.16734433682643876,-1.0660253944785099,9.614898299998458,
stage1,0d7d238a|352791cc,-1|-1,0.501002|0.498998,0.313645|0.686355,0.7,0.05,False,0.35,0.7,90,0.5,0.4,0.4,45,30,3,topk_dropout,daily,30,12.0,1.3,0.03,0.015,0.15,0.35,,3567370212696534039,1.0,0.28291814946619215,45,test_full,2024-01-01,2026-04-30,-0.07187799493792182,-1.046284865440872,-0.18940700974833946,0.11743938095956655,-1.1625383237187905,10.33233509999991,
stage1,5003b27b|bcbecf55|2ac6,-1|-1|-1,0.217998|0.586776|0.195226,0.339857|0.447654|0.212489,1.8,0.05,True,0.2,0.7,40,0.5,0.5,0.6,40,25,2,convex_softmax,weekly,20,12.0,1.8,0.05,0.02,0.25,0.5,,1483658971757644539,1.0,0.29537366548042704,40,test_full,2024-01-01,2026-04-30,-0.19069662966978554,-0.7696041221652505,-0.47932904212027394,0.3619709170920876,-1.185574855849813,5.325700599998527,
stage1,1a085ff|457cf7fc|587bba62,-1|-1|1,0.632287|0.332153|0.035560,0.428306|0.491636|0.080058,1.3,0.01,True,0.1,0.7,40,0.5,0.3,0.6,40,25,3,convex_softmax,weekly,20,12.0,1.3,0.03,0.015,0.35,0.2,,7262056223923545080,1.0,0.29537366548042704,40,test_full,2024-01-01,2026-04-30,-0.1321814691334064,-1.0309786697305088,-0.07667224830710442,0.32692572859897606,-1.2202187855116042,4.641103199999634,
stage1,d4526da|bc641,-1|-1,0.503169|0.496831,0.312616|0.687384,1.3,0.0,False,0.0,1.1,90,0.8,0.6,0.7,55,45,3,convex_softmax,weekly,30,8.0,1.0,0.03,0.0,0.35,0.35,,1876816009816073705,1.0,0.28291814946619215,55,test_full,2024-01-01,2026-04-30,-0.10983424277867274,-1.0573712648567015,-0.06348289675705628,0.3010430921584309,-1.2343807702275247,6.064232499997161,
stage1,3e594f3f|457cf7fc,-1|-1,0.626665|0.373335,0.648846|0.351154,1.3,0.05,False,0.1,0.9,40,1.1,0.4,0.6,45,35,3,topk_dropout,daily,30,6.0,1.8,0.07,0.0,0.25,0.5,,7220525690064813918,1.0,0.16725978647686832,45,test_full,2024-01-01,2026-04-30,-0.07610245342980619,-1.1028347443910738,-0.19473756456358104,0.11485116581693271,-1.2631624221705102,10.391136299997015,
stage1,c40b1997|e2300230,-1|1,0.746755|0.253245,0.808802|0.191198,0.7,0.01,False,0.35,1.4,40,0.5,0.5,0.6,45,35,2,convex_softmax,weekly,20,12.0,1.0,0.05,0.0,0.15,0.35,,3941072265722140844,1.0,0.29537366548042704,45,test_full,2024-01-01,2026-04-30,-0.13853209824512056,-1.4741187828456117,-0.0787540912518911,0.3578008221383923,-1.6176922823148367,5.826534799998626,
stage1,8df189f4|5003b27b,-1|-1,0.145460|0.854540,0.383537|0.616463,1.3,0.02,True,-0.1,1.1,40,0.8,0.0,0.6,45,45,2,convex_softmax,weekly,30,8.0,1.0,0.05,0.0,0.25,0.5,,8016499862416465402,1.0,0.2918149466192171,45,test_full,2024-01-01,2026-04-30,-0.21083356869624784,-1.9095064952907952,-0.15602379661588295,0.30836408468443405,-2.159484520683157,5.961198900000454,
stage1,7406|8df189f4|d4526da,-1|-1|-1,0.472987|0.477559|0.049454,0.489512|0.409773|0.100715,1.3,0.0,True,-0.2,0.7,40,1.1,0.6,0.0,45,45,1,convex_softmax,weekly,30,8.0,1.8,0.07,0.015,0.25,0.5,,117193609446733954,1.0,0.16725978647686832,45,test_full,2024-01-01,2026-04-30,-0.26764392739266146,-1.9876737137921903,-0.16711591814215163,0.3454537514950937,-2.278034878063737,5.871506000003137,
stage1,e2300230|5ae326c0,-1|1,0.798106|0.201894,0.637415|0.362585,0.7,0.01,True,-0.35,1.1,90,0.5,0.0,0.7,40,25,2,convex_softmax,weekly,20,6.0,1.3,0.05,0.015,0.15,0.2,,7180953572274050542,1.0,0.28291814946619215,40,test_full,2024-01-01,2026-04-30,-0.26581418820855063,-2.1617052258057865,-0.19029665430634365,0.3260517702254433,-2.3682887068947194,5.102820899999642,
stage1,4a98|5ae326c0,1|-1,0.414218|0.585782,0.432731|0.567269,0.7,0.05,True,-0.2,1.1,40,0.8,0.4,0.7,50,35,2,convex_softmax,weekly,10,12.0,1.3,0.05,0.0,0.15,0.35,,6741213113262347273,1.0,0.2918149466192171,50,test_full,2024-01-01,2026-04-30,-0.22195967555715224,-2.718001670100497,-0.14551266285265166,0.35707274017806323,-2.9223738671263533,6.128050600000279,
stage1,4a98|7406|d4526da|0d7d238a,1|-1|-1|-1,0.046254|0.874831|0.031271|0.047644,0.075735|0.543577|0.272621|0.108067,1.3,0.05,True,0.2,0.7,40,0.8,0.3,0.0,40,40,1,convex_softmax,weekly,20,8.0,1.3,0.05,0.015,0.35,0.35,,5210945160427068866,1.0,0.2918149466192171,40,test_full,2024-01-01,2026-04-30,-0.3150332094519182,-2.7593485533059563,-0.1896729667801671,0.3359841803285488,-3.08509349904737,5.848605700000917,
stage1,bc641|0ed35c|8df189f4|29864,1|-1|-1|1,0.088067|0.173857|0.084634|0.653443,0.081629|0.292823|0.283738|0.341810,0.7,0.02,False,0.35,0.9,60,0.8,0.5,0.5,35,25,2,convex_softmax,daily,10,8.0,1.3,0.03,0.0,0.15,0.5,,612003094043050723,1.0,0.28291814946619215,35,test_full,2024-01-01,2026-04-30,-0.3177023982119908,-4.132774381531148,-0.7708275423090024,1.4360258793847163,-4.876558113788752,26.90537889999905,
stage1,3e594f3f|587bba62,1|-1,0.634240|0.365760,0.655207|0.344793,1.3,0.0,True,0.0,0.9,90,0.5,0.0,0.6,45,45,1,convex_softmax,daily,30,8.0,1.3,0.03,0.02,0.15,0.5,,8915164168668207406,nan,,45,test_full,2024-01-01,2026-04-30,nan,nan,nan,nan,nan,0.0,TypeError: unsupported operand type(s) for *: 'NoneType' and 'float'
stage1,352791cc|5ae326c0|5003b27b,-1|1|-1,0.593163|0.298894|0.107943,0.543798|0.274455|0.181746,1.3,0.05,True,-0.1,1.4,90,0.5,0.0,0.4,55,30,3,convex_softmax,weekly,20,8.0,1.3,0.05,0.015,0.35,0.35,,149217787526285077,nan,,55,test_full,2024-01-01,2026-04-30,nan,nan,nan,nan,nan,0.0,"ValueError: only have 1139.7747953024248 SH600029, require 1140.0000108718873"
stage1,773bd6d|d4526da|457cf7fc|8df189f4,1|1|1|1,0.135626|0.576179|0.221094|0.067101,0.121929|0.431736|0.160493|0.285842,1.0,0.02,False,-0.35,1.1,90,0.5,0.3,0.4,50,45,2,convex_softmax,weekly,20,8.0,1.3,0.07,0.0,0.35,0.2,,1633029469614168002,nan,,50,test_full,2024-01-01,2026-04-30,nan,nan,nan,nan,nan,0.0,TypeError: unsupported operand type(s) for *: 'NoneType' and 'float'
stage1,8df189f4|bcbecf55|3e594f3f|1a085ff,1|-1|1|1,0.569920|0.056193|0.075028|0.298859,0.383740|0.174903|0.064358|0.376999,0.7,0.01,False,-0.1,0.9,60,1.1,0.6,0.6,55,35,4,convex_softmax,weekly,20,12.0,1.3,0.07,0.015,0.15,0.5,,3035850895753527892,nan,,55,test_full,2024-01-01,2026-04-30,nan,nan,nan,nan,nan,0.0,TypeError: unsupported operand type(s) for *: 'NoneType' and 'float'
stage1,1a085ff|352791cc,1|1,0.547503|0.452497,0.619089|0.380911,0.7,0.02,False,0.2,0.9,90,1.1,0.4,0.0,50,25,1,convex_softmax,weekly,30,8.0,1.3,0.07,0.0,0.35,0.5,,7703731516613072165,nan,,50,test_full,2024-01-01,2026-04-30,nan,nan,nan,nan,nan,0.0,TypeError: unsupported operand type(s) for *: 'NoneType' and 'float'
stage1,29864|773bd6d|54bd583a|e2300230,1|1|-1|1,0.071286|0.388236|0.355740|0.184738,0.130849|0.339652|0.348076|0.181422,1.8,0.02,False,0.0,0.9,60,0.5,0.4,0.5,35,25,1,convex_softmax,daily,30,6.0,1.8,0.07,0.015,0.25,0.5,,7427941477220051718,nan,,35,test_full,2024-01-01,2026-04-30,nan,nan,nan,nan,nan,0.0,TypeError: unsupported operand type(s) for *: 'NoneType' and 'float'
stage1,94a52|4a98,1|-1,0.607713|0.392287,0.615448|0.384552,1.8,0.01,True,0.35,0.9,60,0.5,0.4,0.0,45,45,1,convex_softmax,daily,20,6.0,1.3,0.03,0.015,0.25,0.2,,3683315920268539173,nan,,45,test_full,2024-01-01,2026-04-30,nan,nan,nan,nan,nan,0.0,TypeError: unsupported operand type(s) for *: 'NoneType' and 'float'
stage1,e2300230|82c1e7c7|4a98,1|-1|-1,0.780005|0.101290|0.118705,0.677807|0.045687|0.276506,1.0,0.05,True,0.35,0.7,90,1.1,0.4,0.6,35,35,4,convex_softmax,weekly,30,6.0,1.0,0.07,0.02,0.35,0.2,,2776163588537887727,nan,,35,test_full,2024-01-01,2026-04-30,nan,nan,nan,nan,nan,0.0,TypeError: unsupported operand type(s) for *: 'NoneType' and 'float'
stage1,94a52|3e594f3f,-1|1,0.040984|0.959016,0.200240|0.799760,1.0,0.01,True,0.0,1.1,40,1.1,0.3,0.6,40,40,4,convex_softmax,weekly,30,6.0,1.8,0.05,0.0,0.15,0.35,,2919068166066312032,nan,,40,test_full,2024-01-01,2026-04-30,nan,nan,nan,nan,nan,0.0,TypeError: unsupported operand type(s) for *: 'NoneType' and 'float'
stage1,5003b27b|2ac6,1|1,0.254308|0.745692,0.393952|0.606048,0.7,0.05,True,0.2,0.7,60,1.1,0.4,0.4,45,45,3,convex_softmax,daily,30,8.0,1.0,0.05,0.02,0.25,0.35,,4162075573956678906,nan,,45,test_full,2024-01-01,2026-04-30,nan,nan,nan,nan,nan,0.0,TypeError: unsupported operand type(s) for *: 'NoneType' and 'float'
stage1,773bd6d|7406|c40b1997,1|-1|-1,0.110651|0.193206|0.696143,0.116836|0.368123|0.515041,0.7,0.02,False,0.35,0.9,40,0.5,0.3,0.7,40,25,1,convex_softmax,daily,30,8.0,1.3,0.05,0.015,0.35,0.35,,2811858900590675959,nan,,40,test_full,2024-01-01,2026-04-30,nan,nan,nan,nan,nan,0.0,TypeError: unsupported operand type(s) for *: 'NoneType' and 'float'
stage1,457cf7fc|bcbecf55,-1|-1,0.623989|0.376011,0.727863|0.272137,0.7,0.0,False,-0.1,0.7,40,0.8,0.5,0.6,40,30,3,convex_softmax,daily,20,12.0,1.8,0.03,0.02,0.25,0.5,,5564454493652528025,nan,,40,test_full,2024-01-01,2026-04-30,nan,nan,nan,nan,nan,0.0,TypeError: unsupported operand type(s) for *: 'NoneType' and 'float'
stage1,94a52|587bba62,-1|1,0.247334|0.752666,0.268935|0.731065,1.8,0.02,True,-0.2,0.7,90,0.8,0.3,0.0,45,45,1,convex_softmax,daily,20,8.0,1.0,0.03,0.02,0.35,0.2,,5143157399035205378,nan,,45,test_full,2024-01-01,2026-04-30,nan,nan,nan,nan,nan,0.0,TypeError: unsupported operand type(s) for *: 'NoneType' and 'float'
stage1,94a52|3e594f3f|e2300230|c40b1997,1|1|-1|-1,0.536267|0.041107|0.195664|0.226962,0.448933|0.263923|0.109414|0.177731,0.7,0.05,True,0.2,0.9,60,0.8,0.6,0.6,55,25,3,convex_softmax,daily,10,6.0,1.0,0.05,0.02,0.15,0.35,,5850430157914733716,nan,,55,test_full,2024-01-01,2026-04-30,nan,nan,nan,nan,nan,0.0,TypeError: unsupported operand type(s) for *: 'NoneType' and 'float'
stage1,457cf7fc|275618b3|2ac6,-1|-1|-1,0.661107|0.220262|0.118631,0.446081|0.176829|0.377090,1.3,0.01,True,0.35,0.9,90,0.5,0.6,0.0,50,40,3,convex_softmax,daily,30,6.0,1.3,0.07,0.0,0.25,0.35,,4276029028241448430,nan,,50,test_full,2024-01-01,2026-04-30,nan,nan,nan,nan,nan,0.0,TypeError: unsupported operand type(s) for *: 'NoneType' and 'float'
stage1,ae098013|94a52|457cf7fc,1|-1|-1,0.607366|0.075953|0.316681,0.536150|0.131405|0.332445,1.8,0.02,True,-0.1,0.9,40,0.8,0.0,0.0,40,40,3,convex_softmax,weekly,20,12.0,1.0,0.05,0.0,0.25,0.2,,1396845980473088041,nan,,40,test_full,2024-01-01,2026-04-30,nan,nan,nan,nan,nan,0.0,TypeError: unsupported operand type(s) for *: 'NoneType' and 'float'
stage1,4a98|c40b1997|8df189f4,1|1|-1,0.003536|0.342823|0.653641,0.127142|0.555022|0.317837,1.3,0.01,True,0.2,1.1,90,1.1,0.0,0.5,50,45,3,convex_softmax,daily,30,8.0,1.0,0.03,0.0,0.15,0.5,,1399362471009046493,nan,,50,test_full,2024-01-01,2026-04-30,nan,nan,nan,nan,nan,0.0,TypeError: unsupported operand type(s) for *: 'NoneType' and 'float'
stage1,7406|587bba62|275618b3|6feaa,-1|-1|1|-1,0.020377|0.090157|0.282565|0.606902,0.103169|0.286683|0.300938|0.309210,1.3,0.02,False,0.1,1.4,60,1.1,0.3,0.0,35,30,3,convex_softmax,daily,30,8.0,1.3,0.07,0.015,0.25,0.35,,7646520731724180737,nan,,35,test_full,2024-01-01,2026-04-30,nan,nan,nan,nan,nan,0.0,TypeError: unsupported operand type(s) for *: 'NoneType' and 'float'
stage1,0d7d238a|5ae326c0,1|1,0.954483|0.045517,0.602756|0.397244,1.0,0.05,False,0.1,1.4,40,1.1,0.6,0.7,55,30,3,convex_softmax,daily,30,12.0,1.3,0.03,0.015,0.25,0.2,,8139221929432493639,nan,,55,test_full,2024-01-01,2026-04-30,nan,nan,nan,nan,nan,0.0,TypeError: unsupported operand type(s) for *: 'NoneType' and 'float'
stage1,352791cc|1a085ff|d4526da,-1|1|-1,0.097342|0.379992|0.522666,0.169765|0.350569|0.479666,1.8,0.05,False,-0.1,1.1,60,0.5,0.6,0.6,55,25,4,convex_softmax,daily,20,6.0,1.8,0.07,0.02,0.15,0.5,,528976496686990443,nan,,55,test_full,2024-01-01,2026-04-30,nan,nan,nan,nan,nan,0.0,TypeError: unsupported operand type(s) for *: 'NoneType' and 'float'
stage1,8df189f4|587bba62|82c1e7c7|ae098013,1|1|-1|-1,0.093581|0.281054|0.516180|0.109184,0.133703|0.264407|0.482046|0.119844,1.8,0.01,False,-0.1,1.1,60,0.5,0.4,0.4,50,45,2,convex_softmax,daily,30,8.0,1.8,0.03,0.0,0.25,0.35,,8497591529240087132,nan,,50,test_full,2024-01-01,2026-04-30,nan,nan,nan,nan,nan,0.0,TypeError: unsupported operand type(s) for *: 'NoneType' and 'float'
stage1,e2300230|54bd583a|7406,1|-1|-1,0.548122|0.231842|0.220036,0.476205|0.365149|0.158646,1.0,0.01,True,0.35,1.1,90,0.8,0.6,0.0,55,25,3,convex_softmax,weekly,10,12.0,1.3,0.07,0.0,0.25,0.35,,1576900004457988772,nan,,55,test_full,2024-01-01,2026-04-30,nan,nan,nan,nan,nan,0.0,"ValueError: only have 1090.3766368112324 SH600426, require 1090.4081454916036"
stage1,2ac6|352791cc|773bd6d,-1|1|1,0.081397|0.271836|0.646766,0.273681|0.290775|0.435544,1.8,0.05,True,0.0,0.9,40,1.1,0.0,0.7,50,30,2,convex_softmax,daily,30,6.0,1.3,0.07,0.0,0.35,0.2,,3002415005597207983,nan,,50,test_full,2024-01-01,2026-04-30,nan,nan,nan,nan,nan,0.0,TypeError: unsupported operand type(s) for *: 'NoneType' and 'float'
stage1,5ae326c0|457cf7fc,1|-1,0.244767|0.755233,0.240353|0.759647,1.0,0.01,False,0.0,1.1,40,0.5,0.5,0.4,45,45,4,convex_softmax,daily,10,6.0,1.3,0.07,0.015,0.25,0.2,,248656476603124085,nan,,45,test_full,2024-01-01,2026-04-30,nan,nan,nan,nan,nan,0.0,TypeError: unsupported operand type(s) for *: 'NoneType' and 'float'
stage1,4a98|587bba62,-1|1,0.488789|0.511211,0.522737|0.477263,1.3,0.05,False,0.35,1.4,90,0.8,0.5,0.0,55,25,1,convex_softmax,daily,20,6.0,1.8,0.05,0.015,0.35,0.5,,411754543506986609,nan,,55,test_full,2024-01-01,2026-04-30,nan,nan,nan,nan,nan,0.0,TypeError: unsupported operand type(s) for *: 'NoneType' and 'float'
stage1,c40b1997|82c1e7c7,-1|1,0.050867|0.949133,0.132453|0.867547,0.7,0.02,True,0.0,1.1,40,1.1,0.0,0.0,45,25,3,convex_softmax,daily,10,8.0,1.3,0.07,0.015,0.35,0.35,,297961001299769405,nan,,45,test_full,2024-01-01,2026-04-30,nan,nan,nan,nan,nan,0.0,TypeError: unsupported operand type(s) for *: 'NoneType' and 'float'
stage1,54bd583a|0d7d238a|0ed35c,-1|1|1,0.014113|0.710613|0.275274,0.025307|0.661659|0.313033,1.3,0.0,True,0.35,1.1,60,0.8,0.6,0.5,35,30,3,convex_softmax,daily,30,12.0,1.0,0.05,0.0,0.15,0.5,,6092587145799723098,nan,,35,test_full,2024-01-01,2026-04-30,nan,nan,nan,nan,nan,0.0,TypeError: unsupported operand type(s) for *: 'NoneType' and 'float'
stage1,05ef8bd1|7406,-1|1,0.706312|0.293688,0.416387|0.583613,1.3,0.0,False,0.2,1.4,60,0.5,0.3,0.7,55,45,1,convex_softmax,daily,20,8.0,1.8,0.07,0.0,0.35,0.5,,6105265071840198949,nan,,55,test_full,2024-01-01,2026-04-30,nan,nan,nan,nan,nan,0.0,TypeError: unsupported operand type(s) for *: 'NoneType' and 'float'
stage1,8df189f4|0d7d238a,1|1,0.873688|0.126312,0.763947|0.236053,1.8,0.01,True,-0.35,1.4,90,0.8,0.3,0.7,55,25,1,convex_softmax,daily,30,6.0,1.3,0.05,0.02,0.25,0.5,,257687582255503331,nan,,55,test_full,2024-01-01,2026-04-30,nan,nan,nan,nan,nan,0.0,"ValueError: only have 17969.705603117938 SZ000938, require 17970.43124103414"
stage1,29864|82c1e7c7,1|-1,0.529947|0.470053,0.311889|0.688111,1.0,0.01,False,0.0,0.9,40,0.5,0.0,0.5,35,25,3,convex_softmax,daily,10,12.0,1.8,0.05,0.0,0.15,0.2,,4788147641831251657,nan,,35,test_full,2024-01-01,2026-04-30,nan,nan,nan,nan,nan,0.0,TypeError: unsupported operand type(s) for *: 'NoneType' and 'float'
stage1,bc641|e2300230|275618b3|d4526da,1|1|-1|1,0.131985|0.349122|0.403803|0.115090,0.150913|0.297863|0.302483|0.248742,0.7,0.0,False,0.2,0.7,90,1.1,0.0,0.0,55,25,2,convex_softmax,daily,20,6.0,1.8,0.05,0.015,0.35,0.2,,3150036390398905707,nan,,55,test_full,2024-01-01,2026-04-30,nan,nan,nan,nan,nan,0.0,TypeError: unsupported operand type(s) for *: 'NoneType' and 'float'
stage1,29864|d4526da|e2300230,-1|-1|1,0.014016|0.698925|0.287059,0.015099|0.740054|0.244847,1.8,0.02,True,0.0,1.4,90,0.5,0.3,0.4,45,30,3,convex_softmax,daily,20,6.0,1.0,0.07,0.015,0.25,0.35,,2768691976268257904,nan,,45,test_full,2024-01-01,2026-04-30,nan,nan,nan,nan,nan,0.0,TypeError: unsupported operand type(s) for *: 'NoneType' and 'float'
stage2,773bd6d|6feaa,1|-1,0.524108|0.475892,0.460316|0.539684,1.3,0.05,False,0.06049366285006516,1.1905219502159259,90,0.6056694244548972,0.0,0.7,30,20,2,convex_softmax,weekly,30,6.0,1.3,0.04,0.0,0.24999999999999997,0.4,5590990339578620701,6463095167449952543,nan,,30,test_full,2024-01-01,2026-04-30,nan,nan,nan,nan,nan,0.0,TypeError: unsupported operand type(s) for *: 'NoneType' and 'float'
stage2,773bd6d|6feaa,1|-1,0.504349|0.495651,0.571604|0.428396,1.3,0.05,False,-0.014380331074000524,1.0217850028706437,90,0.7197645120030967,0.0,0.7999999999999999,30,25,4,convex_softmax,weekly,30,8.0,1.3,0.05,0.0,0.35,0.4,5590990339578620701,4228938053925357731,nan,,30,test_full,2024-01-01,2026-04-30,nan,nan,nan,nan,nan,0.0,TypeError: unsupported operand type(s) for *: 'NoneType' and 'float'
stage2,d4526da|82c1e7c7|4a98,1|-1|1,0.384461|0.226500|0.389039,0.537877|0.115400|0.346722,0.7,0.02,True,0.3194016895121604,0.8090707976882867,40,0.7053776412303525,0.5,0.4,40,40,3,convex_softmax,weekly,10,8.0,1.3,0.08,0.0,0.24999999999999997,0.24999999999999997,1528132978337233644,1815779873598035913,nan,,40,test_full,2024-01-01,2026-04-30,nan,nan,nan,nan,nan,0.0,"ValueError: only have 75438.39430745797 SH601088, require 75440.58508381023"
stage2,5ae326c0|1a085ff|4a98|773bd6d,1|-1|-1|-1,0.484988|0.179851|0.252372|0.082789,0.400688|0.158323|0.274387|0.166601,1.8,0.01,True,-0.42628042122788085,1.3441870126757844,40,0.8990431421847126,0.0,0.0,45,45,2,convex_softmax,weekly,10,6.0,1.5,0.060000000000000005,0.015,0.24999999999999997,0.5,1276331400140963663,7432732835498851929,nan,,45,test_full,2024-01-01,2026-04-30,nan,nan,nan,nan,nan,0.0,"ValueError: only have 236.72789454576187 SH600160, require 236.73233716165856"
stage2,5ae326c0|1a085ff|4a98|773bd6d,1|-1|-1|-1,0.535289|0.198504|0.174831|0.091376,0.465933|0.184103|0.156234|0.193730,1.8,0.01,True,-0.330624780374719,1.6031842182678682,40,1.0916220306547109,0.0,0.0,40,40,2,convex_softmax,weekly,10,8.0,1.5,0.08,0.015,0.24999999999999997,0.4,1276331400140963663,2949351405478325577,nan,,40,test_full,2024-01-01,2026-04-30,nan,nan,nan,nan,nan,0.0,"ValueError: only have 3077.4603744347314 SH600160, require 3077.5203831015615"
stage2,5ae326c0|1a085ff|4a98|773bd6d,1|-1|-1|-1,0.543564|0.169842|0.208411|0.078182,0.520838|0.146402|0.178703|0.154057,1.8,0.01,True,-0.3411152902160196,1.5494836393152978,40,0.9853135429768859,0.1,0.0,40,35,4,convex_softmax,weekly,10,6.0,1.8,0.060000000000000005,0.015,0.35,0.4,1276331400140963663,5799429978545637032,nan,,40,pretest_2022_2023,2022-01-01,2023-12-31,nan,nan,nan,nan,nan,0.0,ValueError: empty panel after member merge
stage2,5ae326c0|1a085ff|4a98|773bd6d,1|-1|-1|-1,0.543564|0.169842|0.208411|0.078182,0.520838|0.146402|0.178703|0.154057,1.8,0.01,True,-0.3411152902160196,1.5494836393152978,40,0.9853135429768859,0.1,0.0,40,35,4,convex_softmax,weekly,10,6.0,1.8,0.060000000000000005,0.015,0.35,0.4,1276331400140963663,5799429978545637032,nan,,40,2025,2025-01-01,2025-12-31,nan,nan,nan,nan,nan,0.0,"ValueError: only have 5161.309634309716 SH603296, require 5161.39746182772"
