stage,candidate_idx,members,weights,topk,n_drop,annret,ir,max_drawdown,turnover,heuristic_score,parent_members,parent_weights
stage2,1,e2300230|2ac6|4a98f99b|c40b1997,0.4290|0.1090|0.0279|0.4341,55,4,0.21669828649269696,2.896572176805887,-0.04541403750746531,0.14418254720019916,2.39671337151366,e2300230|2ac6|4a98f99b|c40b1997,0.4274|0.1572|0.0576|0.3578
stage2,1,e2300230|2ac6|4a98f99b|c40b1997,0.4290|0.1090|0.0279|0.4341,65,5,0.1939860266117274,2.808667962196455,-0.04292943159143148,0.15194702885336356,2.39671337151366,e2300230|2ac6|4a98f99b|c40b1997,0.4274|0.1572|0.0576|0.3578
stage2,1,e2300230|2ac6|4a98f99b|c40b1997,0.4290|0.1090|0.0279|0.4341,70,5,0.18423530540362024,2.8032595972474645,-0.03960205541531023,0.1410879235751709,2.39671337151366,e2300230|2ac6|4a98f99b|c40b1997,0.4274|0.1572|0.0576|0.3578
stage2,1,e2300230|2ac6|4a98f99b|c40b1997,0.4290|0.1090|0.0279|0.4341,60,4,0.19524795400125225,2.740517935721695,-0.04751084999267391,0.13198199598146404,2.39671337151366,e2300230|2ac6|4a98f99b|c40b1997,0.4274|0.1572|0.0576|0.3578
stage2,2,e2300230|2ac6|4a98f99b|c40b1997,0.4205|0.1486|0.0409|0.3900,55,4,0.20471042995689556,2.7361743009951596,-0.04324578399993384,0.1429825500358319,2.384219441890046,e2300230|2ac6|4a98f99b|c40b1997,0.4274|0.1572|0.0576|0.3578
stage1,17,e2300230|2ac6|4a98f99b|c40b1997,0.4274|0.1572|0.0576|0.3578,45,4,0.23558832572479768,2.718957700429091,-0.05564935708820176,0.17596829042304152,2.356381608558193,,
stage2,3,e2300230|2ac6|4a98f99b|c40b1997,0.5105|0.1143|0.0421|0.3331,55,4,0.21223139158377233,2.7064605419895584,-0.05094382393097874,0.14383351877509928,2.367811793972235,e2300230|2ac6|4a98f99b|c40b1997,0.4274|0.1572|0.0576|0.3578
stage2,1,e2300230|2ac6|4a98f99b|c40b1997,0.4290|0.1090|0.0279|0.4341,50,4,0.21944685338467543,2.6999861887463514,-0.048071000762864725,0.15835119470383296,2.39671337151366,e2300230|2ac6|4a98f99b|c40b1997,0.4274|0.1572|0.0576|0.3578
stage2,1,e2300230|2ac6|4a98f99b|c40b1997,0.4290|0.1090|0.0279|0.4341,70,7,0.1840579707551338,2.6705869516409386,-0.038853143711559956,0.1971387690526026,2.39671337151366,e2300230|2ac6|4a98f99b|c40b1997,0.4274|0.1572|0.0576|0.3578
stage2,3,e2300230|2ac6|4a98f99b|c40b1997,0.5105|0.1143|0.0421|0.3331,60,5,0.1940667548432949,2.6643890597893045,-0.04446684241674348,0.16566096175676617,2.367811793972235,e2300230|2ac6|4a98f99b|c40b1997,0.4274|0.1572|0.0576|0.3578
stage2,1,e2300230|2ac6|4a98f99b|c40b1997,0.4290|0.1090|0.0279|0.4341,60,5,0.19476606023040088,2.6617823753175203,-0.04606858210343749,0.16519883572093605,2.39671337151366,e2300230|2ac6|4a98f99b|c40b1997,0.4274|0.1572|0.0576|0.3578
stage2,1,e2300230|2ac6|4a98f99b|c40b1997,0.4290|0.1090|0.0279|0.4341,45,5,0.23145497658163774,2.654619580679332,-0.06485983701739792,0.21922243621141776,2.39671337151366,e2300230|2ac6|4a98f99b|c40b1997,0.4274|0.1572|0.0576|0.3578
stage2,2,e2300230|2ac6|4a98f99b|c40b1997,0.4205|0.1486|0.0409|0.3900,50,4,0.21257884903403085,2.6524833304858224,-0.04992371418658505,0.15795140054072662,2.384219441890046,e2300230|2ac6|4a98f99b|c40b1997,0.4274|0.1572|0.0576|0.3578
stage2,3,e2300230|2ac6|4a98f99b|c40b1997,0.5105|0.1143|0.0421|0.3331,55,5,0.20646552314892935,2.6503562608097546,-0.04611111661111761,0.18007445016162266,2.367811793972235,e2300230|2ac6|4a98f99b|c40b1997,0.4274|0.1572|0.0576|0.3578
stage2,3,e2300230|2ac6|4a98f99b|c40b1997,0.5105|0.1143|0.0421|0.3331,70,5,0.17507685876740942,2.631215177133586,-0.041247027553241625,0.14132118973716967,2.367811793972235,e2300230|2ac6|4a98f99b|c40b1997,0.4274|0.1572|0.0576|0.3578
stage2,3,e2300230|2ac6|4a98f99b|c40b1997,0.5105|0.1143|0.0421|0.3331,65,5,0.18275143448180992,2.625994465118967,-0.04151845828275812,0.15240733172957469,2.367811793972235,e2300230|2ac6|4a98f99b|c40b1997,0.4274|0.1572|0.0576|0.3578
stage2,1,e2300230|2ac6|4a98f99b|c40b1997,0.4290|0.1090|0.0279|0.4341,50,3,0.20582068436674675,2.6224134827601087,-0.049716849793632334,0.12016328538969426,2.39671337151366,e2300230|2ac6|4a98f99b|c40b1997,0.4274|0.1572|0.0576|0.3578
stage2,3,e2300230|2ac6|4a98f99b|c40b1997,0.5105|0.1143|0.0421|0.3331,60,4,0.1922987379491413,2.6105065860523133,-0.05014457707591645,0.1324193145423139,2.367811793972235,e2300230|2ac6|4a98f99b|c40b1997,0.4274|0.1572|0.0576|0.3578
stage1,8,352791cc|e2300230,0.1000|0.9000,45,4,0.22958591112321336,2.5972466687960223,-0.05186001839981298,0.1765861992961246,2.3567023976954635,,
stage2,1,e2300230|2ac6|4a98f99b|c40b1997,0.4290|0.1090|0.0279|0.4341,70,8,0.18252165797269881,2.5933047824952857,-0.04290374273410283,0.22538536160775188,2.39671337151366,e2300230|2ac6|4a98f99b|c40b1997,0.4274|0.1572|0.0576|0.3578
stage2,1,e2300230|2ac6|4a98f99b|c40b1997,0.4290|0.1090|0.0279|0.4341,45,4,0.22450872867592567,2.5739128224169816,-0.06042009369895273,0.1761411968984879,2.39671337151366,e2300230|2ac6|4a98f99b|c40b1997,0.4274|0.1572|0.0576|0.3578
stage1,5,352791cc|7406e470|bc641,0.3000|0.1000|0.6000,45,4,0.22105863026192987,2.5735646688597886,-0.07608175742764806,0.17588602363748015,2.6427872758390984,,
stage2,3,e2300230|2ac6|4a98f99b|c40b1997,0.5105|0.1143|0.0421|0.3331,50,3,0.202311071980266,2.5692085447896216,-0.043870818381514604,0.11824926361128794,2.367811793972235,e2300230|2ac6|4a98f99b|c40b1997,0.4274|0.1572|0.0576|0.3578
stage2,3,e2300230|2ac6|4a98f99b|c40b1997,0.5105|0.1143|0.0421|0.3331,50,4,0.20814369525985932,2.5631185329892276,-0.04989658631188725,0.1580883182678703,2.367811793972235,e2300230|2ac6|4a98f99b|c40b1997,0.4274|0.1572|0.0576|0.3578
stage2,1,e2300230|2ac6|4a98f99b|c40b1997,0.4290|0.1090|0.0279|0.4341,55,5,0.19508332696333483,2.5613449029681616,-0.050876205554098664,0.17964416070151926,2.39671337151366,e2300230|2ac6|4a98f99b|c40b1997,0.4274|0.1572|0.0576|0.3578
stage2,3,e2300230|2ac6|4a98f99b|c40b1997,0.5105|0.1143|0.0421|0.3331,50,5,0.20856984813756868,2.556328065530012,-0.05163886535285014,0.1984386356026136,2.367811793972235,e2300230|2ac6|4a98f99b|c40b1997,0.4274|0.1572|0.0576|0.3578
stage2,2,e2300230|2ac6|4a98f99b|c40b1997,0.4205|0.1486|0.0409|0.3900,65,5,0.17625773119525298,2.5545002633607896,-0.04454637807072752,0.15214181049257022,2.384219441890046,e2300230|2ac6|4a98f99b|c40b1997,0.4274|0.1572|0.0576|0.3578
stage2,1,e2300230|2ac6|4a98f99b|c40b1997,0.4290|0.1090|0.0279|0.4341,50,5,0.20688872991148938,2.5417123058298525,-0.05841775912326436,0.19759251205682904,2.39671337151366,e2300230|2ac6|4a98f99b|c40b1997,0.4274|0.1572|0.0576|0.3578
stage2,2,e2300230|2ac6|4a98f99b|c40b1997,0.4205|0.1486|0.0409|0.3900,50,5,0.20682642991991024,2.5370705956077297,-0.05554722928119427,0.19846376618789013,2.384219441890046,e2300230|2ac6|4a98f99b|c40b1997,0.4274|0.1572|0.0576|0.3578
stage2,1,e2300230|2ac6|4a98f99b|c40b1997,0.4290|0.1090|0.0279|0.4341,45,6,0.2316521699506452,2.5287727251275545,-0.06644858360918039,0.2615787000953923,2.39671337151366,e2300230|2ac6|4a98f99b|c40b1997,0.4274|0.1572|0.0576|0.3578
stage2,2,e2300230|2ac6|4a98f99b|c40b1997,0.4205|0.1486|0.0409|0.3900,55,5,0.19462402913417132,2.5228529666665205,-0.05005772760184078,0.18000882722236414,2.384219441890046,e2300230|2ac6|4a98f99b|c40b1997,0.4274|0.1572|0.0576|0.3578
stage2,2,e2300230|2ac6|4a98f99b|c40b1997,0.4205|0.1486|0.0409|0.3900,60,4,0.18122520865634828,2.521711732754923,-0.043121730799408425,0.1316268860176332,2.384219441890046,e2300230|2ac6|4a98f99b|c40b1997,0.4274|0.1572|0.0576|0.3578
stage2,2,e2300230|2ac6|4a98f99b|c40b1997,0.4205|0.1486|0.0409|0.3900,70,5,0.17028197769778192,2.509613180034767,-0.04256954706419905,0.14145204412483106,2.384219441890046,e2300230|2ac6|4a98f99b|c40b1997,0.4274|0.1572|0.0576|0.3578
stage2,1,e2300230|2ac6|4a98f99b|c40b1997,0.4290|0.1090|0.0279|0.4341,60,6,0.18862195787565528,2.508332465005036,-0.0470597343740341,0.19764998255548485,2.39671337151366,e2300230|2ac6|4a98f99b|c40b1997,0.4274|0.1572|0.0576|0.3578
stage2,2,e2300230|2ac6|4a98f99b|c40b1997,0.4205|0.1486|0.0409|0.3900,60,5,0.18336103759310995,2.508177545902921,-0.04540773697750778,0.16510690384203006,2.384219441890046,e2300230|2ac6|4a98f99b|c40b1997,0.4274|0.1572|0.0576|0.3578
stage2,1,e2300230|2ac6|4a98f99b|c40b1997,0.4290|0.1090|0.0279|0.4341,55,6,0.2022898228497968,2.507820122466767,-0.053832674749725515,0.21524392641641887,2.39671337151366,e2300230|2ac6|4a98f99b|c40b1997,0.4274|0.1572|0.0576|0.3578
stage2,2,e2300230|2ac6|4a98f99b|c40b1997,0.4205|0.1486|0.0409|0.3900,70,8,0.17573535081534802,2.5073842746929635,-0.04221641680994161,0.22582611813213288,2.384219441890046,e2300230|2ac6|4a98f99b|c40b1997,0.4274|0.1572|0.0576|0.3578
stage2,2,e2300230|2ac6|4a98f99b|c40b1997,0.4205|0.1486|0.0409|0.3900,45,5,0.21924127697745427,2.5072070607530867,-0.06256991879188775,0.21981801375025228,2.384219441890046,e2300230|2ac6|4a98f99b|c40b1997,0.4274|0.1572|0.0576|0.3578
stage2,1,e2300230|2ac6|4a98f99b|c40b1997,0.4290|0.1090|0.0279|0.4341,65,6,0.1756099712672624,2.503434160545313,-0.04501130167258422,0.18215885211106803,2.39671337151366,e2300230|2ac6|4a98f99b|c40b1997,0.4274|0.1572|0.0576|0.3578
stage2,1,e2300230|2ac6|4a98f99b|c40b1997,0.4290|0.1090|0.0279|0.4341,60,7,0.19224606517461476,2.4973399558721314,-0.047897738022879874,0.22990025677169956,2.39671337151366,e2300230|2ac6|4a98f99b|c40b1997,0.4274|0.1572|0.0576|0.3578
stage2,1,e2300230|2ac6|4a98f99b|c40b1997,0.4290|0.1090|0.0279|0.4341,70,6,0.16725751415110762,2.491879556341931,-0.04040613542189507,0.16978586792363745,2.39671337151366,e2300230|2ac6|4a98f99b|c40b1997,0.4274|0.1572|0.0576|0.3578
stage2,2,e2300230|2ac6|4a98f99b|c40b1997,0.4205|0.1486|0.0409|0.3900,35,4,0.24482169806000217,2.482737830602969,-0.05814199766321096,0.22632113167692272,2.384219441890046,e2300230|2ac6|4a98f99b|c40b1997,0.4274|0.1572|0.0576|0.3578
stage2,3,e2300230|2ac6|4a98f99b|c40b1997,0.5105|0.1143|0.0421|0.3331,55,3,0.18639851926360135,2.480642795488661,-0.04060682668528464,0.10807333440346018,2.367811793972235,e2300230|2ac6|4a98f99b|c40b1997,0.4274|0.1572|0.0576|0.3578
stage2,3,e2300230|2ac6|4a98f99b|c40b1997,0.5105|0.1143|0.0421|0.3331,45,5,0.22331148092904737,2.4715402078763398,-0.06228164341748284,0.21960068029810811,2.367811793972235,e2300230|2ac6|4a98f99b|c40b1997,0.4274|0.1572|0.0576|0.3578
stage2,1,e2300230|2ac6|4a98f99b|c40b1997,0.4290|0.1090|0.0279|0.4341,50,6,0.20911818423376777,2.470549609958621,-0.05712867699063583,0.2360989298822166,2.39671337151366,e2300230|2ac6|4a98f99b|c40b1997,0.4274|0.1572|0.0576|0.3578
stage2,3,e2300230|2ac6|4a98f99b|c40b1997,0.5105|0.1143|0.0421|0.3331,40,2,0.2269368134042157,2.4697598273358228,-0.05122865746622013,0.10004640805345072,2.367811793972235,e2300230|2ac6|4a98f99b|c40b1997,0.4274|0.1572|0.0576|0.3578
stage1,4,7406e470|5ae326c0|275618b3|e2300230,0.2000|0.1000|0.3000|0.4000,45,4,0.21881054370552816,2.457812735980988,-0.05695615978969114,0.17582179957776556,2.5796057544276287,,
stage2,1,e2300230|2ac6|4a98f99b|c40b1997,0.4290|0.1090|0.0279|0.4341,65,7,0.17719669970571378,2.457718156527065,-0.0440028128506186,0.21241826542279013,2.39671337151366,e2300230|2ac6|4a98f99b|c40b1997,0.4274|0.1572|0.0576|0.3578
stage2,2,e2300230|2ac6|4a98f99b|c40b1997,0.4205|0.1486|0.0409|0.3900,65,6,0.17161223833670256,2.455256048764058,-0.04366188629372483,0.18236820554503924,2.384219441890046,e2300230|2ac6|4a98f99b|c40b1997,0.4274|0.1572|0.0576|0.3578
stage2,1,e2300230|2ac6|4a98f99b|c40b1997,0.4290|0.1090|0.0279|0.4341,40,4,0.22603323119983973,2.4527101006338694,-0.05960374693853891,0.19832324748145252,2.39671337151366,e2300230|2ac6|4a98f99b|c40b1997,0.4274|0.1572|0.0576|0.3578
stage2,3,e2300230|2ac6|4a98f99b|c40b1997,0.5105|0.1143|0.0421|0.3331,45,4,0.2152432421055657,2.450120017973826,-0.051117950079669044,0.17600853261073632,2.367811793972235,e2300230|2ac6|4a98f99b|c40b1997,0.4274|0.1572|0.0576|0.3578
stage2,2,e2300230|2ac6|4a98f99b|c40b1997,0.4205|0.1486|0.0409|0.3900,65,7,0.17296257745472451,2.4436986840755366,-0.04280630224202152,0.21263142601575624,2.384219441890046,e2300230|2ac6|4a98f99b|c40b1997,0.4274|0.1572|0.0576|0.3578
stage2,2,e2300230|2ac6|4a98f99b|c40b1997,0.4205|0.1486|0.0409|0.3900,70,6,0.16378412487824362,2.4360344321781717,-0.04018813805256405,0.16948986282816667,2.384219441890046,e2300230|2ac6|4a98f99b|c40b1997,0.4274|0.1572|0.0576|0.3578
stage2,1,e2300230|2ac6|4a98f99b|c40b1997,0.4290|0.1090|0.0279|0.4341,65,4,0.1678899093901677,2.4329814070622797,-0.04457036958617418,0.12203716347790194,2.39671337151366,e2300230|2ac6|4a98f99b|c40b1997,0.4274|0.1572|0.0576|0.3578
stage2,3,e2300230|2ac6|4a98f99b|c40b1997,0.5105|0.1143|0.0421|0.3331,70,4,0.15996334294614525,2.4286306779666735,-0.03926405056788708,0.11390039436643255,2.367811793972235,e2300230|2ac6|4a98f99b|c40b1997,0.4274|0.1572|0.0576|0.3578
stage2,1,e2300230|2ac6|4a98f99b|c40b1997,0.4290|0.1090|0.0279|0.4341,35,5,0.25060215960463766,2.4268160857543166,-0.07808014583363619,0.2806929211922817,2.39671337151366,e2300230|2ac6|4a98f99b|c40b1997,0.4274|0.1572|0.0576|0.3578
stage2,1,e2300230|2ac6|4a98f99b|c40b1997,0.4290|0.1090|0.0279|0.4341,65,8,0.1774371744274717,2.4235605874307438,-0.047512154650852824,0.24249311129299975,2.39671337151366,e2300230|2ac6|4a98f99b|c40b1997,0.4274|0.1572|0.0576|0.3578
stage2,2,e2300230|2ac6|4a98f99b|c40b1997,0.4205|0.1486|0.0409|0.3900,55,6,0.1901609246113374,2.4179757334439698,-0.0516983842272055,0.2155486316196877,2.384219441890046,e2300230|2ac6|4a98f99b|c40b1997,0.4274|0.1572|0.0576|0.3578
stage1,6,8df189f4|29864d9c|3e594f3f|e2300230|352791cc,0.3000|0.1000|0.4000|0.1000|0.1000,45,4,0.20010406892145652,2.4162972750985428,-0.05512443795494898,0.1756563936093087,2.33364362617211,,
stage2,1,e2300230|2ac6|4a98f99b|c40b1997,0.4290|0.1090|0.0279|0.4341,40,5,0.2314239051415835,2.4159597475140457,-0.07571569902951619,0.24545003043579883,2.39671337151366,e2300230|2ac6|4a98f99b|c40b1997,0.4274|0.1572|0.0576|0.3578
stage2,2,e2300230|2ac6|4a98f99b|c40b1997,0.4205|0.1486|0.0409|0.3900,45,4,0.2131703574484141,2.4157453089449588,-0.057530928277664956,0.1762553291214632,2.384219441890046,e2300230|2ac6|4a98f99b|c40b1997,0.4274|0.1572|0.0576|0.3578
stage2,2,e2300230|2ac6|4a98f99b|c40b1997,0.4205|0.1486|0.0409|0.3900,55,3,0.17911855028193377,2.413937506622945,-0.03785388243783867,0.1086419749544101,2.384219441890046,e2300230|2ac6|4a98f99b|c40b1997,0.4274|0.1572|0.0576|0.3578
stage2,2,e2300230|2ac6|4a98f99b|c40b1997,0.4205|0.1486|0.0409|0.3900,50,3,0.19035711954845083,2.4135875318658253,-0.04096457339233804,0.11914885447858728,2.384219441890046,e2300230|2ac6|4a98f99b|c40b1997,0.4274|0.1572|0.0576|0.3578
stage2,2,e2300230|2ac6|4a98f99b|c40b1997,0.4205|0.1486|0.0409|0.3900,45,3,0.20471199173360838,2.408213996372823,-0.04208640154672144,0.1325359850637045,2.384219441890046,e2300230|2ac6|4a98f99b|c40b1997,0.4274|0.1572|0.0576|0.3578
stage2,2,e2300230|2ac6|4a98f99b|c40b1997,0.4205|0.1486|0.0409|0.3900,60,3,0.16739044931684532,2.4074679307667903,-0.03791224710444829,0.09957901532265888,2.384219441890046,e2300230|2ac6|4a98f99b|c40b1997,0.4274|0.1572|0.0576|0.3578
stage2,3,e2300230|2ac6|4a98f99b|c40b1997,0.5105|0.1143|0.0421|0.3331,65,4,0.16667320862267834,2.4000702699667507,-0.049467233758283824,0.1223049860347707,2.367811793972235,e2300230|2ac6|4a98f99b|c40b1997,0.4274|0.1572|0.0576|0.3578
stage2,3,e2300230|2ac6|4a98f99b|c40b1997,0.5105|0.1143|0.0421|0.3331,70,3,0.15897289534863146,2.3877066265424274,-0.043612592279251294,0.0862399375052933,2.367811793972235,e2300230|2ac6|4a98f99b|c40b1997,0.4274|0.1572|0.0576|0.3578
stage2,2,e2300230|2ac6|4a98f99b|c40b1997,0.4205|0.1486|0.0409|0.3900,50,6,0.20083439011659243,2.3851326468624965,-0.05227908459875458,0.23624736193637097,2.384219441890046,e2300230|2ac6|4a98f99b|c40b1997,0.4274|0.1572|0.0576|0.3578
stage2,2,e2300230|2ac6|4a98f99b|c40b1997,0.4205|0.1486|0.0409|0.3900,60,6,0.17800001140369862,2.3839013268547165,-0.04508450091361559,0.19774263954071705,2.384219441890046,e2300230|2ac6|4a98f99b|c40b1997,0.4274|0.1572|0.0576|0.3578
stage2,2,e2300230|2ac6|4a98f99b|c40b1997,0.4205|0.1486|0.0409|0.3900,40,5,0.22336972307078987,2.3795392810190696,-0.06889626595118296,0.24634756814006964,2.384219441890046,e2300230|2ac6|4a98f99b|c40b1997,0.4274|0.1572|0.0576|0.3578
stage2,3,e2300230|2ac6|4a98f99b|c40b1997,0.5105|0.1143|0.0421|0.3331,60,3,0.16794007933503227,2.374895948969866,-0.044233756407487834,0.09933217648730017,2.367811793972235,e2300230|2ac6|4a98f99b|c40b1997,0.4274|0.1572|0.0576|0.3578
stage2,2,e2300230|2ac6|4a98f99b|c40b1997,0.4205|0.1486|0.0409|0.3900,60,7,0.17945782983959138,2.3719394956808775,-0.047685954322245434,0.23024207909827024,2.384219441890046,e2300230|2ac6|4a98f99b|c40b1997,0.4274|0.1572|0.0576|0.3578
stage1,10,275618b3|0ed35c|7406e470|54bd583a,0.2000|0.4000|0.2000|0.2000,45,4,0.20723457504509624,2.3687166385354628,-0.05605162383719789,0.17690234808684438,2.5084513400762867,,
stage2,2,e2300230|2ac6|4a98f99b|c40b1997,0.4205|0.1486|0.0409|0.3900,40,4,0.2211950169324926,2.3675700173635654,-0.0671825890653656,0.19898614443318097,2.384219441890046,e2300230|2ac6|4a98f99b|c40b1997,0.4274|0.1572|0.0576|0.3578
stage2,3,e2300230|2ac6|4a98f99b|c40b1997,0.5105|0.1143|0.0421|0.3331,35,2,0.2294938877718494,2.3608592443921808,-0.056339057540545745,0.115210202518078,2.367811793972235,e2300230|2ac6|4a98f99b|c40b1997,0.4274|0.1572|0.0576|0.3578
stage1,20,7406e470|4a98f99b_inv|29864d9c,0.8178|0.0446|0.1376,45,4,0.18795352926702594,2.355270922046859,-0.0531378694140542,0.17602361014442777,2.9065571340298395,,
stage2,1,e2300230|2ac6|4a98f99b|c40b1997,0.4290|0.1090|0.0279|0.4341,45,3,0.20116043674559198,2.350331223497768,-0.046639814479322805,0.1330693660623034,2.39671337151366,e2300230|2ac6|4a98f99b|c40b1997,0.4274|0.1572|0.0576|0.3578
stage2,1,e2300230|2ac6|4a98f99b|c40b1997,0.4290|0.1090|0.0279|0.4341,40,6,0.22917863706454156,2.349697699605272,-0.07123706679529074,0.29483701427114617,2.39671337151366,e2300230|2ac6|4a98f99b|c40b1997,0.4274|0.1572|0.0576|0.3578
stage2,3,e2300230|2ac6|4a98f99b|c40b1997,0.5105|0.1143|0.0421|0.3331,65,8,0.17533405445564096,2.3471394658493145,-0.047190628817603344,0.2426626373840575,2.367811793972235,e2300230|2ac6|4a98f99b|c40b1997,0.4274|0.1572|0.0576|0.3578
stage2,1,e2300230|2ac6|4a98f99b|c40b1997,0.4290|0.1090|0.0279|0.4341,35,2,0.22601455597078945,2.346683450916217,-0.0703060340003852,0.11364151238990881,2.39671337151366,e2300230|2ac6|4a98f99b|c40b1997,0.4274|0.1572|0.0576|0.3578
stage2,3,e2300230|2ac6|4a98f99b|c40b1997,0.5105|0.1143|0.0421|0.3331,60,6,0.1744646437733288,2.3439977481090066,-0.04585026900635625,0.19743756494401504,2.367811793972235,e2300230|2ac6|4a98f99b|c40b1997,0.4274|0.1572|0.0576|0.3578
stage2,2,e2300230|2ac6|4a98f99b|c40b1997,0.4205|0.1486|0.0409|0.3900,65,4,0.15943114739961656,2.3383270589787144,-0.045386231464173865,0.12184886420213553,2.384219441890046,e2300230|2ac6|4a98f99b|c40b1997,0.4274|0.1572|0.0576|0.3578
stage2,1,e2300230|2ac6|4a98f99b|c40b1997,0.4290|0.1090|0.0279|0.4341,60,8,0.18181466885703165,2.3327608127721713,-0.05226834340726712,0.26218457335344364,2.39671337151366,e2300230|2ac6|4a98f99b|c40b1997,0.4274|0.1572|0.0576|0.3578
stage2,3,e2300230|2ac6|4a98f99b|c40b1997,0.5105|0.1143|0.0421|0.3331,35,5,0.24108732991660878,2.326158937280523,-0.08169047100605971,0.28088607083119177,2.367811793972235,e2300230|2ac6|4a98f99b|c40b1997,0.4274|0.1572|0.0576|0.3578
stage2,2,e2300230|2ac6|4a98f99b|c40b1997,0.4205|0.1486|0.0409|0.3900,40,3,0.21073877847065212,2.323882401179413,-0.052697278864938066,0.148989705486064,2.384219441890046,e2300230|2ac6|4a98f99b|c40b1997,0.4274|0.1572|0.0576|0.3578
stage2,1,e2300230|2ac6|4a98f99b|c40b1997,0.4290|0.1090|0.0279|0.4341,35,3,0.2333433683720334,2.3215678294639637,-0.06616880421134635,0.17045245683372254,2.39671337151366,e2300230|2ac6|4a98f99b|c40b1997,0.4274|0.1572|0.0576|0.3578
stage2,3,e2300230|2ac6|4a98f99b|c40b1997,0.5105|0.1143|0.0421|0.3331,45,3,0.19949980822406183,2.320709346164201,-0.05413892424939121,0.13205603314116873,2.367811793972235,e2300230|2ac6|4a98f99b|c40b1997,0.4274|0.1572|0.0576|0.3578
stage2,1,e2300230|2ac6|4a98f99b|c40b1997,0.4290|0.1090|0.0279|0.4341,55,3,0.17415818599758448,2.3198704920849083,-0.04423028623911229,0.10916307324962762,2.39671337151366,e2300230|2ac6|4a98f99b|c40b1997,0.4274|0.1572|0.0576|0.3578
stage2,1,e2300230|2ac6|4a98f99b|c40b1997,0.4290|0.1090|0.0279|0.4341,40,3,0.2101019593019043,2.3073174083028345,-0.0555537341664588,0.14989371408354893,2.39671337151366,e2300230|2ac6|4a98f99b|c40b1997,0.4274|0.1572|0.0576|0.3578
stage2,2,e2300230|2ac6|4a98f99b|c40b1997,0.4205|0.1486|0.0409|0.3900,65,8,0.1688446466383064,2.3017562918954653,-0.049393373349516975,0.2424276773031178,2.384219441890046,e2300230|2ac6|4a98f99b|c40b1997,0.4274|0.1572|0.0576|0.3578
stage2,1,e2300230|2ac6|4a98f99b|c40b1997,0.4290|0.1090|0.0279|0.4341,65,3,0.15478598873170593,2.300079102271207,-0.040699995334014694,0.09217532478313523,2.39671337151366,e2300230|2ac6|4a98f99b|c40b1997,0.4274|0.1572|0.0576|0.3578
stage2,2,e2300230|2ac6|4a98f99b|c40b1997,0.4205|0.1486|0.0409|0.3900,45,6,0.2064732700565438,2.299889087437348,-0.06359977224115097,0.2620266852737778,2.384219441890046,e2300230|2ac6|4a98f99b|c40b1997,0.4274|0.1572|0.0576|0.3578
stage1,35,773bd6d|275618b3,0.0122|0.9878,45,4,0.20156402718829197,2.298611106204436,-0.061188305191785794,0.17358227449164434,2.3413246624171946,,
stage2,3,e2300230|2ac6|4a98f99b|c40b1997,0.5105|0.1143|0.0421|0.3331,40,5,0.2224719079182056,2.2953752930038807,-0.07284062546569944,0.24583575330777793,2.367811793972235,e2300230|2ac6|4a98f99b|c40b1997,0.4274|0.1572|0.0576|0.3578
stage2,3,e2300230|2ac6|4a98f99b|c40b1997,0.5105|0.1143|0.0421|0.3331,45,6,0.20790385883226242,2.286440551080597,-0.06128295821212408,0.26311541853939724,2.367811793972235,e2300230|2ac6|4a98f99b|c40b1997,0.4274|0.1572|0.0576|0.3578
stage2,1,e2300230|2ac6|4a98f99b|c40b1997,0.4290|0.1090|0.0279|0.4341,70,3,0.15205097265379314,2.283059882263109,-0.04368614573595231,0.08593342966434293,2.39671337151366,e2300230|2ac6|4a98f99b|c40b1997,0.4274|0.1572|0.0576|0.3578
stage2,1,e2300230|2ac6|4a98f99b|c40b1997,0.4290|0.1090|0.0279|0.4341,55,7,0.1869603231263769,2.2781060055604763,-0.053946402145971864,0.25033730132615867,2.39671337151366,e2300230|2ac6|4a98f99b|c40b1997,0.4274|0.1572|0.0576|0.3578
stage2,3,e2300230|2ac6|4a98f99b|c40b1997,0.5105|0.1143|0.0421|0.3331,45,2,0.1925564573982133,2.2773098479687284,-0.05811272743721339,0.08930499942984807,2.367811793972235,e2300230|2ac6|4a98f99b|c40b1997,0.4274|0.1572|0.0576|0.3578
stage2,1,e2300230|2ac6|4a98f99b|c40b1997,0.4290|0.1090|0.0279|0.4341,35,4,0.2313589852461039,2.276747825197057,-0.06877256769360013,0.22603617454334735,2.39671337151366,e2300230|2ac6|4a98f99b|c40b1997,0.4274|0.1572|0.0576|0.3578
stage2,3,e2300230|2ac6|4a98f99b|c40b1997,0.5105|0.1143|0.0421|0.3331,70,6,0.1544003964656326,2.274703257199894,-0.04234861160972081,0.16959149855587882,2.367811793972235,e2300230|2ac6|4a98f99b|c40b1997,0.4274|0.1572|0.0576|0.3578
stage2,2,e2300230|2ac6|4a98f99b|c40b1997,0.4205|0.1486|0.0409|0.3900,35,5,0.23210031933983388,2.2739127252488727,-0.07764770722563667,0.2816348616384414,2.384219441890046,e2300230|2ac6|4a98f99b|c40b1997,0.4274|0.1572|0.0576|0.3578
stage2,2,e2300230|2ac6|4a98f99b|c40b1997,0.4205|0.1486|0.0409|0.3900,70,7,0.1526477950316728,2.2735889346442986,-0.04062644397359384,0.19729907954872464,2.384219441890046,e2300230|2ac6|4a98f99b|c40b1997,0.4274|0.1572|0.0576|0.3578
stage2,3,e2300230|2ac6|4a98f99b|c40b1997,0.5105|0.1143|0.0421|0.3331,70,8,0.1598522942155327,2.271998831415593,-0.04295888966450124,0.2255372205335101,2.367811793972235,e2300230|2ac6|4a98f99b|c40b1997,0.4274|0.1572|0.0576|0.3578
stage2,1,e2300230|2ac6|4a98f99b|c40b1997,0.4290|0.1090|0.0279|0.4341,60,3,0.1612646595736778,2.264135937103177,-0.04163747966924364,0.10047634306913836,2.39671337151366,e2300230|2ac6|4a98f99b|c40b1997,0.4274|0.1572|0.0576|0.3578
stage2,3,e2300230|2ac6|4a98f99b|c40b1997,0.5105|0.1143|0.0421|0.3331,65,7,0.16120287785644474,2.26158587821537,-0.04341032237961569,0.2121902602147038,2.367811793972235,e2300230|2ac6|4a98f99b|c40b1997,0.4274|0.1572|0.0576|0.3578
stage2,1,e2300230|2ac6|4a98f99b|c40b1997,0.4290|0.1090|0.0279|0.4341,70,4,0.15169825156310152,2.260345863628658,-0.043921939057434745,0.11364143981251641,2.39671337151366,e2300230|2ac6|4a98f99b|c40b1997,0.4274|0.1572|0.0576|0.3578
stage1,11,0ed35c|e2300230|bcbecf55|457cf7fc,0.3000|0.2000|0.2000|0.3000,45,4,0.17442361404383247,2.25998659046733,-0.051099546828229675,0.17524123112618478,2.070756747915306,,
stage2,3,e2300230|2ac6|4a98f99b|c40b1997,0.5105|0.1143|0.0421|0.3331,35,3,0.22873012926492856,2.2585475316139174,-0.06706317188813968,0.17100913122246553,2.367811793972235,e2300230|2ac6|4a98f99b|c40b1997,0.4274|0.1572|0.0576|0.3578
stage2,2,e2300230|2ac6|4a98f99b|c40b1997,0.4205|0.1486|0.0409|0.3900,65,3,0.15442515873131532,2.257671296874773,-0.04443948394243835,0.09279085004313044,2.384219441890046,e2300230|2ac6|4a98f99b|c40b1997,0.4274|0.1572|0.0576|0.3578
stage2,1,e2300230|2ac6|4a98f99b|c40b1997,0.4290|0.1090|0.0279|0.4341,40,2,0.20480340798203633,2.257070425284107,-0.05848669493753453,0.09997369497644623,2.39671337151366,e2300230|2ac6|4a98f99b|c40b1997,0.4274|0.1572|0.0576|0.3578
stage2,3,e2300230|2ac6|4a98f99b|c40b1997,0.5105|0.1143|0.0421|0.3331,65,6,0.15933356682642355,2.256722375846608,-0.04452586028723565,0.18234550243054357,2.367811793972235,e2300230|2ac6|4a98f99b|c40b1997,0.4274|0.1572|0.0576|0.3578
stage2,3,e2300230|2ac6|4a98f99b|c40b1997,0.5105|0.1143|0.0421|0.3331,70,7,0.15385675686668443,2.2542832852837074,-0.04281116779702543,0.19756700963271925,2.367811793972235,e2300230|2ac6|4a98f99b|c40b1997,0.4274|0.1572|0.0576|0.3578
stage2,2,e2300230|2ac6|4a98f99b|c40b1997,0.4205|0.1486|0.0409|0.3900,60,8,0.17493633702260428,2.2505578456767754,-0.05516372085011616,0.26179434064218227,2.384219441890046,e2300230|2ac6|4a98f99b|c40b1997,0.4274|0.1572|0.0576|0.3578
stage2,3,e2300230|2ac6|4a98f99b|c40b1997,0.5105|0.1143|0.0421|0.3331,40,3,0.20458073841033242,2.249185091611249,-0.05961434531131671,0.1481469648922568,2.367811793972235,e2300230|2ac6|4a98f99b|c40b1997,0.4274|0.1572|0.0576|0.3578
stage2,3,e2300230|2ac6|4a98f99b|c40b1997,0.5105|0.1143|0.0421|0.3331,30,3,0.24639287187381292,2.228742284048228,-0.08473858779319213,0.198743224210856,2.367811793972235,e2300230|2ac6|4a98f99b|c40b1997,0.4274|0.1572|0.0576|0.3578
stage2,1,e2300230|2ac6|4a98f99b|c40b1997,0.4290|0.1090|0.0279|0.4341,55,8,0.18197873718658536,2.2010854467570122,-0.057564586944167724,0.28520227929618586,2.39671337151366,e2300230|2ac6|4a98f99b|c40b1997,0.4274|0.1572|0.0576|0.3578
stage2,1,e2300230|2ac6|4a98f99b|c40b1997,0.4290|0.1090|0.0279|0.4341,30,2,0.23948922244984408,2.1922936038109215,-0.08997283089310723,0.13228995079465727,2.39671337151366,e2300230|2ac6|4a98f99b|c40b1997,0.4274|0.1572|0.0576|0.3578
stage2,3,e2300230|2ac6|4a98f99b|c40b1997,0.5105|0.1143|0.0421|0.3331,60,2,0.16104479303588706,2.1922503446445742,-0.04643881603524852,0.06814693110520101,2.367811793972235,e2300230|2ac6|4a98f99b|c40b1997,0.4274|0.1572|0.0576|0.3578
stage2,3,e2300230|2ac6|4a98f99b|c40b1997,0.5105|0.1143|0.0421|0.3331,55,6,0.1740168150901977,2.187260637847093,-0.05357822527142337,0.21550892088042908,2.367811793972235,e2300230|2ac6|4a98f99b|c40b1997,0.4274|0.1572|0.0576|0.3578
stage2,2,e2300230|2ac6|4a98f99b|c40b1997,0.4205|0.1486|0.0409|0.3900,35,3,0.21469445483809887,2.1872230398147035,-0.06616880421134637,0.16971079606440084,2.384219441890046,e2300230|2ac6|4a98f99b|c40b1997,0.4274|0.1572|0.0576|0.3578
stage2,1,e2300230|2ac6|4a98f99b|c40b1997,0.4290|0.1090|0.0279|0.4341,25,2,0.2648819247786076,2.182094525611551,-0.09641809183863263,0.15948206187944525,2.39671337151366,e2300230|2ac6|4a98f99b|c40b1997,0.4274|0.1572|0.0576|0.3578
stage2,2,e2300230|2ac6|4a98f99b|c40b1997,0.4205|0.1486|0.0409|0.3900,30,2,0.23833160839117767,2.1802314065632675,-0.07819676397159925,0.13336421408775767,2.384219441890046,e2300230|2ac6|4a98f99b|c40b1997,0.4274|0.1572|0.0576|0.3578
stage2,2,e2300230|2ac6|4a98f99b|c40b1997,0.4205|0.1486|0.0409|0.3900,70,3,0.1435762871264104,2.180186864340708,-0.04170308866099598,0.08637751797479609,2.384219441890046,e2300230|2ac6|4a98f99b|c40b1997,0.4274|0.1572|0.0576|0.3578
stage2,3,e2300230|2ac6|4a98f99b|c40b1997,0.5105|0.1143|0.0421|0.3331,30,2,0.24149507321418817,2.1776164681828973,-0.07324608733280413,0.13424292612141803,2.367811793972235,e2300230|2ac6|4a98f99b|c40b1997,0.4274|0.1572|0.0576|0.3578
stage2,3,e2300230|2ac6|4a98f99b|c40b1997,0.5105|0.1143|0.0421|0.3331,65,3,0.1476041501397723,2.172941971808712,-0.04536716196431567,0.0919252120523928,2.367811793972235,e2300230|2ac6|4a98f99b|c40b1997,0.4274|0.1572|0.0576|0.3578
stage2,3,e2300230|2ac6|4a98f99b|c40b1997,0.5105|0.1143|0.0421|0.3331,60,7,0.16675351594916454,2.1729003304939867,-0.051310932327442535,0.22966780311730317,2.367811793972235,e2300230|2ac6|4a98f99b|c40b1997,0.4274|0.1572|0.0576|0.3578
stage2,3,e2300230|2ac6|4a98f99b|c40b1997,0.5105|0.1143|0.0421|0.3331,55,2,0.1657930950925946,2.1714699216089475,-0.049910264689225284,0.07343165694678967,2.367811793972235,e2300230|2ac6|4a98f99b|c40b1997,0.4274|0.1572|0.0576|0.3578
stage2,3,e2300230|2ac6|4a98f99b|c40b1997,0.5105|0.1143|0.0421|0.3331,60,8,0.17109036475645945,2.1713793001440793,-0.05387073829869527,0.26231469975379806,2.367811793972235,e2300230|2ac6|4a98f99b|c40b1997,0.4274|0.1572|0.0576|0.3578
stage2,1,e2300230|2ac6|4a98f99b|c40b1997,0.4290|0.1090|0.0279|0.4341,45,2,0.18158592861139441,2.1662038037455402,-0.057807021834563765,0.0891084204842026,2.39671337151366,e2300230|2ac6|4a98f99b|c40b1997,0.4274|0.1572|0.0576|0.3578
stage1,24,d4526da|e2300230,0.5368|0.4632,45,4,0.21387238769158792,2.1653680468876892,-0.0730355504508565,0.17607148011811183,1.8218693359333853,,
stage2,2,e2300230|2ac6|4a98f99b|c40b1997,0.4205|0.1486|0.0409|0.3900,40,6,0.21149094437477384,2.1549414383488883,-0.07385575891306739,0.294614398195281,2.384219441890046,e2300230|2ac6|4a98f99b|c40b1997,0.4274|0.1572|0.0576|0.3578
stage2,2,e2300230|2ac6|4a98f99b|c40b1997,0.4205|0.1486|0.0409|0.3900,70,4,0.13703649577341906,2.149340071940381,-0.043242677470932314,0.11290921642612742,2.384219441890046,e2300230|2ac6|4a98f99b|c40b1997,0.4274|0.1572|0.0576|0.3578
stage2,3,e2300230|2ac6|4a98f99b|c40b1997,0.5105|0.1143|0.0421|0.3331,25,3,0.25945939289821146,2.143741661730332,-0.09357098305909224,0.23713049771723757,2.367811793972235,e2300230|2ac6|4a98f99b|c40b1997,0.4274|0.1572|0.0576|0.3578
stage2,2,e2300230|2ac6|4a98f99b|c40b1997,0.4205|0.1486|0.0409|0.3900,40,1,0.19049833555502302,2.1419628771332184,-0.05414417603896135,0.05049513177045624,2.384219441890046,e2300230|2ac6|4a98f99b|c40b1997,0.4274|0.1572|0.0576|0.3578
stage2,2,e2300230|2ac6|4a98f99b|c40b1997,0.4205|0.1486|0.0409|0.3900,55,7,0.17206796982286635,2.1363205899159468,-0.05550753245686052,0.25057815654687166,2.384219441890046,e2300230|2ac6|4a98f99b|c40b1997,0.4274|0.1572|0.0576|0.3578
stage1,15,7406e470|e2300230|82c1e7c7|ae098013|bc641,0.1104|0.0615|0.3619|0.4329|0.0334,45,4,0.17582638922349847,2.131844919750273,-0.05817187639572459,0.17658680931966317,2.280964969440622,,
stage2,3,e2300230|2ac6|4a98f99b|c40b1997,0.5105|0.1143|0.0421|0.3331,40,4,0.20269168764729922,2.13130483716824,-0.06838749497326183,0.19833282496777613,2.367811793972235,e2300230|2ac6|4a98f99b|c40b1997,0.4274|0.1572|0.0576|0.3578
stage2,1,e2300230|2ac6|4a98f99b|c40b1997,0.4290|0.1090|0.0279|0.4341,30,1,0.2403304535796393,2.130173226986964,-0.07296865950207282,0.06969340099640552,2.39671337151366,e2300230|2ac6|4a98f99b|c40b1997,0.4274|0.1572|0.0576|0.3578
stage2,1,e2300230|2ac6|4a98f99b|c40b1997,0.4290|0.1090|0.0279|0.4341,25,3,0.26188099704320966,2.1293529083253038,-0.1086492661613153,0.2371137929465788,2.39671337151366,e2300230|2ac6|4a98f99b|c40b1997,0.4274|0.1572|0.0576|0.3578
stage1,25,773bd6d|bcbecf55_inv|457cf7fc|0ed35c|5003b27b,0.1176|0.1434|0.1229|0.1336|0.4825,45,4,0.21119633185180486,2.123855318259358,-0.08558275813849239,0.17432703967510166,2.2022579429127855,,
stage1,36,7406e470|2ac6|5ae326c0,0.2165|0.7049|0.0786,45,4,0.18674692618715596,2.123191481670491,-0.05163498140850964,0.17642097645238639,2.7633602709584286,,
stage2,2,e2300230|2ac6|4a98f99b|c40b1997,0.4205|0.1486|0.0409|0.3900,35,2,0.2023350954389449,2.1102329428700313,-0.05872063115531102,0.11445184090422643,2.384219441890046,e2300230|2ac6|4a98f99b|c40b1997,0.4274|0.1572|0.0576|0.3578
stage1,9,05ef8bd1|0d7d238a|6feaa|457cf7fc|7406e470,0.1000|0.2000|0.1000|0.1000|0.5000,45,4,0.18864047512153495,2.1078595044752095,-0.062241334495211256,0.17660658474711768,2.42221958412851,,
stage2,2,e2300230|2ac6|4a98f99b|c40b1997,0.4205|0.1486|0.0409|0.3900,30,4,0.2330663856163869,2.106763527370515,-0.08016256011860338,0.26364081108128495,2.384219441890046,e2300230|2ac6|4a98f99b|c40b1997,0.4274|0.1572|0.0576|0.3578
stage2,1,e2300230|2ac6|4a98f99b|c40b1997,0.4290|0.1090|0.0279|0.4341,30,4,0.2380334727824492,2.1035345297324883,-0.08091843888013049,0.26275785870272617,2.39671337151366,e2300230|2ac6|4a98f99b|c40b1997,0.4274|0.1572|0.0576|0.3578
stage2,3,e2300230|2ac6|4a98f99b|c40b1997,0.5105|0.1143|0.0421|0.3331,50,6,0.1749655163496679,2.095932154500355,-0.057974897479040145,0.23653883917876217,2.367811793972235,e2300230|2ac6|4a98f99b|c40b1997,0.4274|0.1572|0.0576|0.3578
stage2,3,e2300230|2ac6|4a98f99b|c40b1997,0.5105|0.1143|0.0421|0.3331,50,2,0.1643063711876513,2.0869964886079737,-0.0532280154712869,0.08045685339622138,2.367811793972235,e2300230|2ac6|4a98f99b|c40b1997,0.4274|0.1572|0.0576|0.3578
stage2,1,e2300230|2ac6|4a98f99b|c40b1997,0.4290|0.1090|0.0279|0.4341,30,5,0.23584287182730732,2.083018293351939,-0.09630371574728074,0.32614343791155287,2.39671337151366,e2300230|2ac6|4a98f99b|c40b1997,0.4274|0.1572|0.0576|0.3578
stage2,3,e2300230|2ac6|4a98f99b|c40b1997,0.5105|0.1143|0.0421|0.3331,35,4,0.21523482189869306,2.0796368569659056,-0.07387029746076829,0.22621781120029058,2.367811793972235,e2300230|2ac6|4a98f99b|c40b1997,0.4274|0.1572|0.0576|0.3578
stage2,1,e2300230|2ac6|4a98f99b|c40b1997,0.4290|0.1090|0.0279|0.4341,30,3,0.23313267837223647,2.07471878479691,-0.08549510476779362,0.19843354446105008,2.39671337151366,e2300230|2ac6|4a98f99b|c40b1997,0.4274|0.1572|0.0576|0.3578
stage1,18,ae098013|5003b27b|05ef8bd1|275618b3|54bd583a,0.4560|0.1089|0.1148|0.2155|0.1047,45,4,0.18361346995340272,2.0715601659839895,-0.058473851398006545,0.17644278475939024,2.0602595712984986,,
stage1,33,e2300230|0d7d238a,0.3028|0.6972,45,4,0.179881502485174,2.0690147402178716,-0.05793715558700396,0.1766000655289797,1.986566355452356,,
stage2,3,e2300230|2ac6|4a98f99b|c40b1997,0.5105|0.1143|0.0421|0.3331,55,8,0.1705692873940065,2.06178841222735,-0.06418808400461387,0.2853425381973597,2.367811793972235,e2300230|2ac6|4a98f99b|c40b1997,0.4274|0.1572|0.0576|0.3578
stage2,3,e2300230|2ac6|4a98f99b|c40b1997,0.5105|0.1143|0.0421|0.3331,55,7,0.163809014120095,2.060781693823349,-0.05054268243446556,0.24989568971135653,2.367811793972235,e2300230|2ac6|4a98f99b|c40b1997,0.4274|0.1572|0.0576|0.3578
stage1,23,29864d9c|bcbecf55_inv|1a085ff|3e594f3f,0.1275|0.2478|0.3452|0.2795,45,4,0.19222427665795447,2.06028898183717,-0.09155094474911156,0.17648194241115733,1.4738169958152758,,
stage2,1,e2300230|2ac6|4a98f99b|c40b1997,0.4290|0.1090|0.0279|0.4341,45,7,0.19104716244185146,2.0599008264157126,-0.07162432315342948,0.30528187547198543,2.39671337151366,e2300230|2ac6|4a98f99b|c40b1997,0.4274|0.1572|0.0576|0.3578
stage2,1,e2300230|2ac6|4a98f99b|c40b1997,0.4290|0.1090|0.0279|0.4341,50,7,0.17614933836273985,2.059115169484625,-0.059958868380674095,0.27510694125985635,2.39671337151366,e2300230|2ac6|4a98f99b|c40b1997,0.4274|0.1572|0.0576|0.3578
stage2,3,e2300230|2ac6|4a98f99b|c40b1997,0.5105|0.1143|0.0421|0.3331,65,2,0.14317429790084424,2.058087145960036,-0.05146162694977269,0.062130896182773246,2.367811793972235,e2300230|2ac6|4a98f99b|c40b1997,0.4274|0.1572|0.0576|0.3578
stage2,3,e2300230|2ac6|4a98f99b|c40b1997,0.5105|0.1143|0.0421|0.3331,40,6,0.20222093928400567,2.0562730000846563,-0.07637155096349779,0.2948814127123947,2.367811793972235,e2300230|2ac6|4a98f99b|c40b1997,0.4274|0.1572|0.0576|0.3578
stage2,3,e2300230|2ac6|4a98f99b|c40b1997,0.5105|0.1143|0.0421|0.3331,70,2,0.14103491384673697,2.054202574931908,-0.05426712398658089,0.058069807858125454,2.367811793972235,e2300230|2ac6|4a98f99b|c40b1997,0.4274|0.1572|0.0576|0.3578
stage1,1,7406e470|54bd583a|352791cc|05ef8bd1,0.5000|0.2000|0.1000|0.2000,45,4,0.19754680688530896,2.052420748176511,-0.06728618619393748,0.17618211146665014,2.500679657388535,,
stage2,2,e2300230|2ac6|4a98f99b|c40b1997,0.4205|0.1486|0.0409|0.3900,55,8,0.1686532224221596,2.0516807936320696,-0.06283370755104883,0.2852111506763076,2.384219441890046,e2300230|2ac6|4a98f99b|c40b1997,0.4274|0.1572|0.0576|0.3578
stage2,3,e2300230|2ac6|4a98f99b|c40b1997,0.5105|0.1143|0.0421|0.3331,25,1,0.24238198101978878,2.0457631782660366,-0.07488653160529365,0.08126280153512079,2.367811793972235,e2300230|2ac6|4a98f99b|c40b1997,0.4274|0.1572|0.0576|0.3578
stage2,3,e2300230|2ac6|4a98f99b|c40b1997,0.5105|0.1143|0.0421|0.3331,30,4,0.23022046375837524,2.04212408345471,-0.08954131906963445,0.26432257277009014,2.367811793972235,e2300230|2ac6|4a98f99b|c40b1997,0.4274|0.1572|0.0576|0.3578
stage2,2,e2300230|2ac6|4a98f99b|c40b1997,0.4205|0.1486|0.0409|0.3900,35,1,0.2151999749399521,2.0421084289952334,-0.08486629303366561,0.05752509534555978,2.384219441890046,e2300230|2ac6|4a98f99b|c40b1997,0.4274|0.1572|0.0576|0.3578
stage1,32,29864d9c|5003b27b|0d7d238a|773bd6d|2ac6,0.2532|0.2765|0.3124|0.0499|0.1081,45,4,0.16425989347800665,2.033351244996949,-0.09444819830118598,0.17556581357856815,2.1083008120308255,,
stage1,22,0d7d238a|05ef8bd1,0.8010|0.1990,45,4,0.17809703197354432,2.030477323344738,-0.060343226672964656,0.17677321597793497,1.729544713213103,,
stage2,1,e2300230|2ac6|4a98f99b|c40b1997,0.4290|0.1090|0.0279|0.4341,35,1,0.2092236353298317,2.015244193398622,-0.06801959532499624,0.05747537829655575,2.39671337151366,e2300230|2ac6|4a98f99b|c40b1997,0.4274|0.1572|0.0576|0.3578
stage2,3,e2300230|2ac6|4a98f99b|c40b1997,0.5105|0.1143|0.0421|0.3331,25,2,0.24298836124847753,2.0131428322553178,-0.08637460065451816,0.15866603481134206,2.367811793972235,e2300230|2ac6|4a98f99b|c40b1997,0.4274|0.1572|0.0576|0.3578
stage2,2,e2300230|2ac6|4a98f99b|c40b1997,0.4205|0.1486|0.0409|0.3900,25,2,0.24860786981963479,2.013048614800998,-0.08928443876033818,0.1594315075976769,2.384219441890046,e2300230|2ac6|4a98f99b|c40b1997,0.4274|0.1572|0.0576|0.3578
stage2,3,e2300230|2ac6|4a98f99b|c40b1997,0.5105|0.1143|0.0421|0.3331,30,1,0.21597420943397166,2.0123474882799304,-0.0729492539218829,0.06683600057009285,2.367811793972235,e2300230|2ac6|4a98f99b|c40b1997,0.4274|0.1572|0.0576|0.3578
stage2,1,e2300230|2ac6|4a98f99b|c40b1997,0.4290|0.1090|0.0279|0.4341,50,8,0.17890164630478783,2.0110372057146946,-0.06505797051617261,0.3133519237174085,2.39671337151366,e2300230|2ac6|4a98f99b|c40b1997,0.4274|0.1572|0.0576|0.3578
stage2,1,e2300230|2ac6|4a98f99b|c40b1997,0.4290|0.1090|0.0279|0.4341,35,6,0.21324561326168798,1.9950524472787583,-0.09309937117320476,0.3358583623147702,2.39671337151366,e2300230|2ac6|4a98f99b|c40b1997,0.4274|0.1572|0.0576|0.3578
stage2,2,e2300230|2ac6|4a98f99b|c40b1997,0.4205|0.1486|0.0409|0.3900,25,3,0.24270233563004903,1.9942073428693223,-0.10546670167925098,0.2380010394512248,2.384219441890046,e2300230|2ac6|4a98f99b|c40b1997,0.4274|0.1572|0.0576|0.3578
stage2,3,e2300230|2ac6|4a98f99b|c40b1997,0.5105|0.1143|0.0421|0.3331,30,5,0.2248459364551437,1.9893695195448005,-0.08885913087720207,0.32666279221112166,2.367811793972235,e2300230|2ac6|4a98f99b|c40b1997,0.4274|0.1572|0.0576|0.3578
stage2,2,e2300230|2ac6|4a98f99b|c40b1997,0.4205|0.1486|0.0409|0.3900,50,7,0.168338401601959,1.9748459344737392,-0.06129628715875937,0.2748166655746295,2.384219441890046,e2300230|2ac6|4a98f99b|c40b1997,0.4274|0.1572|0.0576|0.3578
stage2,3,e2300230|2ac6|4a98f99b|c40b1997,0.5105|0.1143|0.0421|0.3331,40,1,0.1812516114695864,1.957829373222646,-0.04529270969527152,0.0506359037554399,2.367811793972235,e2300230|2ac6|4a98f99b|c40b1997,0.4274|0.1572|0.0576|0.3578
stage2,2,e2300230|2ac6|4a98f99b|c40b1997,0.4205|0.1486|0.0409|0.3900,40,2,0.1755320901092603,1.9526957318207527,-0.061005511152610034,0.09943483662854166,2.384219441890046,e2300230|2ac6|4a98f99b|c40b1997,0.4274|0.1572|0.0576|0.3578
stage2,2,e2300230|2ac6|4a98f99b|c40b1997,0.4205|0.1486|0.0409|0.3900,30,3,0.21343719303239203,1.9353051525143927,-0.08584189502680489,0.19867393127039595,2.384219441890046,e2300230|2ac6|4a98f99b|c40b1997,0.4274|0.1572|0.0576|0.3578
stage2,2,e2300230|2ac6|4a98f99b|c40b1997,0.4205|0.1486|0.0409|0.3900,45,7,0.17770993445143554,1.9341319433611113,-0.07017704439548667,0.30498464522755303,2.384219441890046,e2300230|2ac6|4a98f99b|c40b1997,0.4274|0.1572|0.0576|0.3578
stage2,1,e2300230|2ac6|4a98f99b|c40b1997,0.4290|0.1090|0.0279|0.4341,50,2,0.15314973808216864,1.9267989925640467,-0.06216569982153186,0.08121323279009644,2.39671337151366,e2300230|2ac6|4a98f99b|c40b1997,0.4274|0.1572|0.0576|0.3578
stage2,3,e2300230|2ac6|4a98f99b|c40b1997,0.5105|0.1143|0.0421|0.3331,50,7,0.16363408855986966,1.9212548880087725,-0.060314003358109027,0.2748042759136769,2.367811793972235,e2300230|2ac6|4a98f99b|c40b1997,0.4274|0.1572|0.0576|0.3578
stage2,1,e2300230|2ac6|4a98f99b|c40b1997,0.4290|0.1090|0.0279|0.4341,25,1,0.22627840316842757,1.917511057745278,-0.05536060738972426,0.07976319427983736,2.39671337151366,e2300230|2ac6|4a98f99b|c40b1997,0.4274|0.1572|0.0576|0.3578
stage2,2,e2300230|2ac6|4a98f99b|c40b1997,0.4205|0.1486|0.0409|0.3900,50,2,0.14748984365340043,1.9115119815904416,-0.060668530259183596,0.08083551753509624,2.384219441890046,e2300230|2ac6|4a98f99b|c40b1997,0.4274|0.1572|0.0576|0.3578
stage1,12,4a98f99b_inv|1a085ff|5ae326c0,0.3000|0.3000|0.4000,45,4,0.191447973068335,1.902916895639124,-0.07567212686118616,0.17492359335037147,1.2587123113453675,,
stage1,2,3e594f3f|94a52|d4526da,0.5000|0.3000|0.2000,45,4,0.18225816718947796,1.8911836241274504,-0.07488023357449915,0.1764324370785892,1.7717220952720865,,
stage2,2,e2300230|2ac6|4a98f99b|c40b1997,0.4205|0.1486|0.0409|0.3900,35,6,0.19722364585467173,1.8879762714962456,-0.08762049062919186,0.3360152500756675,2.384219441890046,e2300230|2ac6|4a98f99b|c40b1997,0.4274|0.1572|0.0576|0.3578
stage1,14,05ef8bd1|5003b27b|94a52|457cf7fc|0ed35c,0.1030|0.2209|0.3272|0.2719|0.0771,45,4,0.16751752666750166,1.8855398976584596,-0.055497140104794326,0.17611225943395856,1.9128943759429748,,
stage1,30,82c1e7c7|2ac6|54bd583a|d4526da|457cf7fc,0.0142|0.5316|0.0280|0.4107|0.0154,45,4,0.17733589565660762,1.8825343458296713,-0.06801449636283846,0.1755610495398925,2.0776714878451945,,
stage1,34,587bba62|bcbecf55|8df189f4|773bd6d,0.4685|0.2577|0.2205|0.0532,45,4,0.14633552842281664,1.871340564798362,-0.06177212252105366,0.17615319790602382,1.8676203492431962,,
stage2,3,e2300230|2ac6|4a98f99b|c40b1997,0.5105|0.1143|0.0421|0.3331,35,6,0.19764775873640775,1.866695522298106,-0.0843904294070821,0.33579214494792164,2.367811793972235,e2300230|2ac6|4a98f99b|c40b1997,0.4274|0.1572|0.0576|0.3578
stage2,2,e2300230|2ac6|4a98f99b|c40b1997,0.4205|0.1486|0.0409|0.3900,45,2,0.15507663700598986,1.8578285817359497,-0.06641161322836019,0.08956123837433998,2.384219441890046,e2300230|2ac6|4a98f99b|c40b1997,0.4274|0.1572|0.0576|0.3578
stage1,3,1a085ff|c40b1997|29864d9c_inv|ae098013|d4526da,0.1000|0.2000|0.2000|0.2000|0.3000,45,4,0.1993504033396674,1.8491989803913709,-0.08345728736934295,0.174551567637681,1.1632819004587724,,
stage2,2,e2300230|2ac6|4a98f99b|c40b1997,0.4205|0.1486|0.0409|0.3900,50,1,0.1369451644072093,1.8475697739386663,-0.0560389882232151,0.040697419296554314,2.384219441890046,e2300230|2ac6|4a98f99b|c40b1997,0.4274|0.1572|0.0576|0.3578
stage1,27,0ed35c|bcbecf55|457cf7fc|587bba62|1a085ff,0.2572|0.1996|0.2533|0.0753|0.2146,45,4,0.1391199368165639,1.8469352907738288,-0.06133348757138246,0.1758990472513652,1.8837892378499224,,
stage1,13,54bd583a|94a52,0.4009|0.5991,45,4,0.19663463741948112,1.8222662419975302,-0.07393422587725484,0.17629979764332673,1.1789569753163984,,
stage2,1,e2300230|2ac6|4a98f99b|c40b1997,0.4290|0.1090|0.0279|0.4341,40,7,0.180164735297682,1.8219528290329121,-0.08234181151440617,0.34227218004603943,2.39671337151366,e2300230|2ac6|4a98f99b|c40b1997,0.4274|0.1572|0.0576|0.3578
stage2,3,e2300230|2ac6|4a98f99b|c40b1997,0.5105|0.1143|0.0421|0.3331,25,4,0.2182042695532547,1.8105739716520044,-0.10413643758964734,0.3156703791114461,2.367811793972235,e2300230|2ac6|4a98f99b|c40b1997,0.4274|0.1572|0.0576|0.3578
stage2,2,e2300230|2ac6|4a98f99b|c40b1997,0.4205|0.1486|0.0409|0.3900,30,1,0.19170796324824224,1.8101748066479333,-0.09597486990284887,0.06803532010487852,2.384219441890046,e2300230|2ac6|4a98f99b|c40b1997,0.4274|0.1572|0.0576|0.3578
stage2,1,e2300230|2ac6|4a98f99b|c40b1997,0.4290|0.1090|0.0279|0.4341,70,2,0.12222802993625236,1.803300075665139,-0.05238421255566611,0.05902982567679919,2.39671337151366,e2300230|2ac6|4a98f99b|c40b1997,0.4274|0.1572|0.0576|0.3578
stage2,1,e2300230|2ac6|4a98f99b|c40b1997,0.4290|0.1090|0.0279|0.4341,30,6,0.20695782754630163,1.7999374551073195,-0.09395621888962173,0.38886396137722046,2.39671337151366,e2300230|2ac6|4a98f99b|c40b1997,0.4274|0.1572|0.0576|0.3578
stage2,2,e2300230|2ac6|4a98f99b|c40b1997,0.4205|0.1486|0.0409|0.3900,30,5,0.19932699462632109,1.799749807844362,-0.09614241165117829,0.32663239547199907,2.384219441890046,e2300230|2ac6|4a98f99b|c40b1997,0.4274|0.1572|0.0576|0.3578
stage2,2,e2300230|2ac6|4a98f99b|c40b1997,0.4205|0.1486|0.0409|0.3900,50,8,0.15806767598925578,1.7993630145362254,-0.06585860320505019,0.31374028879495913,2.384219441890046,e2300230|2ac6|4a98f99b|c40b1997,0.4274|0.1572|0.0576|0.3578
stage2,2,e2300230|2ac6|4a98f99b|c40b1997,0.4205|0.1486|0.0409|0.3900,55,2,0.13505727439050652,1.7940830355887927,-0.05777624524992329,0.07428766681260981,2.384219441890046,e2300230|2ac6|4a98f99b|c40b1997,0.4274|0.1572|0.0576|0.3578
stage2,1,e2300230|2ac6|4a98f99b|c40b1997,0.4290|0.1090|0.0279|0.4341,55,2,0.13805826129637278,1.781437971952703,-0.05442349403093244,0.07387209158615937,2.39671337151366,e2300230|2ac6|4a98f99b|c40b1997,0.4274|0.1572|0.0576|0.3578
stage2,1,e2300230|2ac6|4a98f99b|c40b1997,0.4290|0.1090|0.0279|0.4341,60,2,0.130875617463412,1.7633011021729954,-0.04759396443552871,0.06809179431711548,2.39671337151366,e2300230|2ac6|4a98f99b|c40b1997,0.4274|0.1572|0.0576|0.3578
stage2,1,e2300230|2ac6|4a98f99b|c40b1997,0.4290|0.1090|0.0279|0.4341,65,2,0.1266072772325218,1.7597974639263116,-0.053317954688479094,0.06275984693998313,2.39671337151366,e2300230|2ac6|4a98f99b|c40b1997,0.4274|0.1572|0.0576|0.3578
stage2,3,e2300230|2ac6|4a98f99b|c40b1997,0.5105|0.1143|0.0421|0.3331,50,8,0.15241263412167358,1.7592584704337118,-0.06531896146943555,0.3135997758543735,2.367811793972235,e2300230|2ac6|4a98f99b|c40b1997,0.4274|0.1572|0.0576|0.3578
stage2,1,e2300230|2ac6|4a98f99b|c40b1997,0.4290|0.1090|0.0279|0.4341,25,4,0.21344659573502697,1.7584715327110916,-0.09943751122223848,0.31477078785670726,2.39671337151366,e2300230|2ac6|4a98f99b|c40b1997,0.4274|0.1572|0.0576|0.3578
stage2,3,e2300230|2ac6|4a98f99b|c40b1997,0.5105|0.1143|0.0421|0.3331,45,7,0.15884542601714452,1.7507048915556251,-0.06993735423286626,0.3049431961345611,2.367811793972235,e2300230|2ac6|4a98f99b|c40b1997,0.4274|0.1572|0.0576|0.3578
stage2,2,e2300230|2ac6|4a98f99b|c40b1997,0.4205|0.1486|0.0409|0.3900,25,4,0.2098476806241512,1.7465113214499437,-0.10311470176163051,0.31483488027227585,2.384219441890046,e2300230|2ac6|4a98f99b|c40b1997,0.4274|0.1572|0.0576|0.3578
stage2,3,e2300230|2ac6|4a98f99b|c40b1997,0.5105|0.1143|0.0421|0.3331,35,1,0.17480715027825539,1.7327918016555344,-0.07826140622272965,0.05445809451614628,2.367811793972235,e2300230|2ac6|4a98f99b|c40b1997,0.4274|0.1572|0.0576|0.3578
stage2,2,e2300230|2ac6|4a98f99b|c40b1997,0.4205|0.1486|0.0409|0.3900,30,6,0.19238773742261858,1.7130093947780045,-0.09354806419672926,0.3909275270872531,2.384219441890046,e2300230|2ac6|4a98f99b|c40b1997,0.4274|0.1572|0.0576|0.3578
stage2,1,e2300230|2ac6|4a98f99b|c40b1997,0.4290|0.1090|0.0279|0.4341,25,6,0.20986117421872466,1.682012501109246,-0.10429353001034841,0.46529239278331663,2.39671337151366,e2300230|2ac6|4a98f99b|c40b1997,0.4274|0.1572|0.0576|0.3578
stage2,2,e2300230|2ac6|4a98f99b|c40b1997,0.4205|0.1486|0.0409|0.3900,25,5,0.20427302944801892,1.6644528976089565,-0.11074179393749413,0.3909690452832811,2.384219441890046,e2300230|2ac6|4a98f99b|c40b1997,0.4274|0.1572|0.0576|0.3578
stage2,2,e2300230|2ac6|4a98f99b|c40b1997,0.4205|0.1486|0.0409|0.3900,60,2,0.11944556013008191,1.6541503814567442,-0.06107519668658202,0.06720688286891827,2.384219441890046,e2300230|2ac6|4a98f99b|c40b1997,0.4274|0.1572|0.0576|0.3578
stage1,31,4a98f99b_inv|773bd6d|7406e470|352791cc,0.3818|0.0711|0.1862|0.3609,45,4,0.20796024800958351,1.651961805515107,-0.08036100091562315,0.1727987880172203,1.4853791927652487,,
stage2,2,e2300230|2ac6|4a98f99b|c40b1997,0.4205|0.1486|0.0409|0.3900,45,1,0.1504828324281905,1.651017697318479,-0.06409803368082123,0.044912761553131744,2.384219441890046,e2300230|2ac6|4a98f99b|c40b1997,0.4274|0.1572|0.0576|0.3578
stage2,1,e2300230|2ac6|4a98f99b|c40b1997,0.4290|0.1090|0.0279|0.4341,25,5,0.20111020471723154,1.6299849596780915,-0.10906641062907892,0.3908213988008203,2.39671337151366,e2300230|2ac6|4a98f99b|c40b1997,0.4274|0.1572|0.0576|0.3578
stage1,28,4a98f99b|0ed35c|bcbecf55_inv|54bd583a|8df189f4,0.0380|0.1318|0.3279|0.3064|0.1958,45,4,0.2185936953364219,1.6249744251907678,-0.09465963096324068,0.17468691363231476,1.3660982568855704,,
stage2,2,e2300230|2ac6|4a98f99b|c40b1997,0.4205|0.1486|0.0409|0.3900,55,1,0.12200153145866502,1.6186215213546997,-0.05701664864655734,0.03656550855186637,2.384219441890046,e2300230|2ac6|4a98f99b|c40b1997,0.4274|0.1572|0.0576|0.3578
stage2,3,e2300230|2ac6|4a98f99b|c40b1997,0.5105|0.1143|0.0421|0.3331,40,7,0.15907344736333578,1.616711199364387,-0.08544973133499661,0.34206677336107955,2.367811793972235,e2300230|2ac6|4a98f99b|c40b1997,0.4274|0.1572|0.0576|0.3578
stage2,1,e2300230|2ac6|4a98f99b|c40b1997,0.4290|0.1090|0.0279|0.4341,40,1,0.14862729126408347,1.6110552880670592,-0.054833186557425764,0.05343151697054482,2.39671337151366,e2300230|2ac6|4a98f99b|c40b1997,0.4274|0.1572|0.0576|0.3578
stage2,2,e2300230|2ac6|4a98f99b|c40b1997,0.4205|0.1486|0.0409|0.3900,40,7,0.15733345197938398,1.5972118854897634,-0.08294085095313199,0.3428886003519555,2.384219441890046,e2300230|2ac6|4a98f99b|c40b1997,0.4274|0.1572|0.0576|0.3578
stage2,1,e2300230|2ac6|4a98f99b|c40b1997,0.4290|0.1090|0.0279|0.4341,35,7,0.16808382668600436,1.5776107539624782,-0.09141906760620386,0.38949369598409883,2.39671337151366,e2300230|2ac6|4a98f99b|c40b1997,0.4274|0.1572|0.0576|0.3578
stage2,3,e2300230|2ac6|4a98f99b|c40b1997,0.5105|0.1143|0.0421|0.3331,30,6,0.17624672063706584,1.5762742211109064,-0.09270350294329512,0.3903222785832398,2.367811793972235,e2300230|2ac6|4a98f99b|c40b1997,0.4274|0.1572|0.0576|0.3578
stage2,2,e2300230|2ac6|4a98f99b|c40b1997,0.4205|0.1486|0.0409|0.3900,60,1,0.1185585740523628,1.5750939295575965,-0.06609308851972837,0.036343888939037124,2.384219441890046,e2300230|2ac6|4a98f99b|c40b1997,0.4274|0.1572|0.0576|0.3578
stage2,3,e2300230|2ac6|4a98f99b|c40b1997,0.5105|0.1143|0.0421|0.3331,25,5,0.19424437048469215,1.5714314109234477,-0.11054380671394584,0.39087864662506067,2.367811793972235,e2300230|2ac6|4a98f99b|c40b1997,0.4274|0.1572|0.0576|0.3578
stage2,3,e2300230|2ac6|4a98f99b|c40b1997,0.5105|0.1143|0.0421|0.3331,45,8,0.1469160757813301,1.5682198522532405,-0.07299325357523308,0.3478086908145043,2.367811793972235,e2300230|2ac6|4a98f99b|c40b1997,0.4274|0.1572|0.0576|0.3578
stage2,2,e2300230|2ac6|4a98f99b|c40b1997,0.4205|0.1486|0.0409|0.3900,25,1,0.1952377132824062,1.5595405245214884,-0.09701761006770704,0.07996041177376127,2.384219441890046,e2300230|2ac6|4a98f99b|c40b1997,0.4274|0.1572|0.0576|0.3578
stage2,3,e2300230|2ac6|4a98f99b|c40b1997,0.5105|0.1143|0.0421|0.3331,45,1,0.13099504991038294,1.5517489857770046,-0.04597336437406996,0.04490317568080299,2.367811793972235,e2300230|2ac6|4a98f99b|c40b1997,0.4274|0.1572|0.0576|0.3578
stage2,3,e2300230|2ac6|4a98f99b|c40b1997,0.5105|0.1143|0.0421|0.3331,70,1,0.11291660365963938,1.5144073076142588,-0.0685027288867659,0.032028692925866846,2.367811793972235,e2300230|2ac6|4a98f99b|c40b1997,0.4274|0.1572|0.0576|0.3578
stage2,2,e2300230|2ac6|4a98f99b|c40b1997,0.4205|0.1486|0.0409|0.3900,30,7,0.16774453464791036,1.5055037841811802,-0.09226641231832104,0.45359760517389625,2.384219441890046,e2300230|2ac6|4a98f99b|c40b1997,0.4274|0.1572|0.0576|0.3578
stage2,1,e2300230|2ac6|4a98f99b|c40b1997,0.4290|0.1090|0.0279|0.4341,45,8,0.14023743408202952,1.4896610467711766,-0.0768610720064865,0.34771938987854123,2.39671337151366,e2300230|2ac6|4a98f99b|c40b1997,0.4274|0.1572|0.0576|0.3578
stage2,2,e2300230|2ac6|4a98f99b|c40b1997,0.4205|0.1486|0.0409|0.3900,65,2,0.10538940239323985,1.486710510577835,-0.06070425725889607,0.06224512546788831,2.384219441890046,e2300230|2ac6|4a98f99b|c40b1997,0.4274|0.1572|0.0576|0.3578
stage2,2,e2300230|2ac6|4a98f99b|c40b1997,0.4205|0.1486|0.0409|0.3900,45,8,0.13778795096490182,1.4768244413442166,-0.07837523947076719,0.34761243973972517,2.384219441890046,e2300230|2ac6|4a98f99b|c40b1997,0.4274|0.1572|0.0576|0.3578
stage2,1,e2300230|2ac6|4a98f99b|c40b1997,0.4290|0.1090|0.0279|0.4341,30,7,0.16541227502589265,1.4705240333526637,-0.10218238690477684,0.4533060222964636,2.39671337151366,e2300230|2ac6|4a98f99b|c40b1997,0.4274|0.1572|0.0576|0.3578
stage2,3,e2300230|2ac6|4a98f99b|c40b1997,0.5105|0.1143|0.0421|0.3331,35,7,0.15089546596093958,1.4519955794804922,-0.09231655719884738,0.3899618654103413,2.367811793972235,e2300230|2ac6|4a98f99b|c40b1997,0.4274|0.1572|0.0576|0.3578
stage2,1,e2300230|2ac6|4a98f99b|c40b1997,0.4290|0.1090|0.0279|0.4341,40,8,0.1449193085375232,1.4516277791478498,-0.0873172724316057,0.39003276414627397,2.39671337151366,e2300230|2ac6|4a98f99b|c40b1997,0.4274|0.1572|0.0576|0.3578
stage2,2,e2300230|2ac6|4a98f99b|c40b1997,0.4205|0.1486|0.0409|0.3900,35,7,0.14935435823549761,1.431275715790054,-0.09206790997425018,0.3902980685371063,2.384219441890046,e2300230|2ac6|4a98f99b|c40b1997,0.4274|0.1572|0.0576|0.3578
stage2,2,e2300230|2ac6|4a98f99b|c40b1997,0.4205|0.1486|0.0409|0.3900,25,7,0.17097456557472807,1.407894338345762,-0.10656664673003935,0.5413371336094642,2.384219441890046,e2300230|2ac6|4a98f99b|c40b1997,0.4274|0.1572|0.0576|0.3578
stage2,1,e2300230|2ac6|4a98f99b|c40b1997,0.4290|0.1090|0.0279|0.4341,65,1,0.0935845558457368,1.4063649515945977,-0.0558858775432524,0.030833248730981692,2.39671337151366,e2300230|2ac6|4a98f99b|c40b1997,0.4274|0.1572|0.0576|0.3578
stage2,1,e2300230|2ac6|4a98f99b|c40b1997,0.4290|0.1090|0.0279|0.4341,70,1,0.09207756290882915,1.4055379281995357,-0.054028203414132704,0.029309432390319745,2.39671337151366,e2300230|2ac6|4a98f99b|c40b1997,0.4274|0.1572|0.0576|0.3578
stage2,2,e2300230|2ac6|4a98f99b|c40b1997,0.4205|0.1486|0.0409|0.3900,40,8,0.1365786581279539,1.3946680632532267,-0.07997265620443018,0.39042656076188537,2.384219441890046,e2300230|2ac6|4a98f99b|c40b1997,0.4274|0.1572|0.0576|0.3578
stage2,1,e2300230|2ac6|4a98f99b|c40b1997,0.4290|0.1090|0.0279|0.4341,35,8,0.14652172429861568,1.3907530868136118,-0.0943956876320174,0.44454733385358125,2.39671337151366,e2300230|2ac6|4a98f99b|c40b1997,0.4274|0.1572|0.0576|0.3578
stage2,3,e2300230|2ac6|4a98f99b|c40b1997,0.5105|0.1143|0.0421|0.3331,40,8,0.13674056758951883,1.3879869434753664,-0.08049163918958704,0.3908069022374859,2.367811793972235,e2300230|2ac6|4a98f99b|c40b1997,0.4274|0.1572|0.0576|0.3578
stage1,21,6feaa|ae098013|0d7d238a,0.1803|0.6482|0.1714,45,4,0.11637242221588519,1.3879112094235986,-0.06413033125420822,0.177265892298248,1.6102149120800178,,
stage2,2,e2300230|2ac6|4a98f99b|c40b1997,0.4205|0.1486|0.0409|0.3900,25,6,0.16953395239377198,1.3874536490468121,-0.10664549821038571,0.46580290227483173,2.384219441890046,e2300230|2ac6|4a98f99b|c40b1997,0.4274|0.1572|0.0576|0.3578
stage2,1,e2300230|2ac6|4a98f99b|c40b1997,0.4290|0.1090|0.0279|0.4341,25,7,0.16974853331382192,1.3853106173702754,-0.11214129825299024,0.5403307375684088,2.39671337151366,e2300230|2ac6|4a98f99b|c40b1997,0.4274|0.1572|0.0576|0.3578
stage2,2,e2300230|2ac6|4a98f99b|c40b1997,0.4205|0.1486|0.0409|0.3900,65,1,0.09600167635814245,1.342437386084427,-0.06546879598607136,0.0342557236372282,2.384219441890046,e2300230|2ac6|4a98f99b|c40b1997,0.4274|0.1572|0.0576|0.3578
stage2,2,e2300230|2ac6|4a98f99b|c40b1997,0.4205|0.1486|0.0409|0.3900,70,2,0.09316691081894471,1.3338510478010512,-0.06233865589104641,0.058378305903610775,2.384219441890046,e2300230|2ac6|4a98f99b|c40b1997,0.4274|0.1572|0.0576|0.3578
stage2,1,e2300230|2ac6|4a98f99b|c40b1997,0.4290|0.1090|0.0279|0.4341,60,1,0.09665318697083451,1.3314483920251212,-0.04746750089067034,0.034330489414045255,2.39671337151366,e2300230|2ac6|4a98f99b|c40b1997,0.4274|0.1572|0.0576|0.3578
stage2,3,e2300230|2ac6|4a98f99b|c40b1997,0.5105|0.1143|0.0421|0.3331,30,7,0.14906215589422647,1.3228792215716412,-0.09667101816937895,0.4535814597811439,2.367811793972235,e2300230|2ac6|4a98f99b|c40b1997,0.4274|0.1572|0.0576|0.3578
stage2,2,e2300230|2ac6|4a98f99b|c40b1997,0.4205|0.1486|0.0409|0.3900,70,1,0.08317322605444838,1.2755771269666853,-0.05737112202947953,0.030446929733127234,2.384219441890046,e2300230|2ac6|4a98f99b|c40b1997,0.4274|0.1572|0.0576|0.3578
stage2,3,e2300230|2ac6|4a98f99b|c40b1997,0.5105|0.1143|0.0421|0.3331,50,1,0.10665831533806634,1.253483280347479,-0.06213749961468981,0.04028988949703358,2.367811793972235,e2300230|2ac6|4a98f99b|c40b1997,0.4274|0.1572|0.0576|0.3578
stage2,1,e2300230|2ac6|4a98f99b|c40b1997,0.4290|0.1090|0.0279|0.4341,45,1,0.10698463193768995,1.2459520492107365,-0.05822140077166986,0.04510288851536892,2.39671337151366,e2300230|2ac6|4a98f99b|c40b1997,0.4274|0.1572|0.0576|0.3578
stage1,29,54bd583a|3e594f3f|1a085ff|29864d9c_inv,0.0914|0.2086|0.1912|0.5088,45,4,0.1790349061730957,1.2291235719731233,-0.14984881378768777,0.17222255247401164,0.1323397326009131,,
stage2,3,e2300230|2ac6|4a98f99b|c40b1997,0.5105|0.1143|0.0421|0.3331,25,6,0.15093738177560262,1.2253059735759677,-0.1092558853323614,0.4657333161435385,2.367811793972235,e2300230|2ac6|4a98f99b|c40b1997,0.4274|0.1572|0.0576|0.3578
stage2,3,e2300230|2ac6|4a98f99b|c40b1997,0.5105|0.1143|0.0421|0.3331,25,7,0.15124970775187851,1.2225562991163654,-0.11261630132358838,0.5411401535912178,2.367811793972235,e2300230|2ac6|4a98f99b|c40b1997,0.4274|0.1572|0.0576|0.3578
stage2,2,e2300230|2ac6|4a98f99b|c40b1997,0.4205|0.1486|0.0409|0.3900,35,8,0.12761606722372804,1.219477577340219,-0.09505932288782623,0.44451984436548114,2.384219441890046,e2300230|2ac6|4a98f99b|c40b1997,0.4274|0.1572|0.0576|0.3578
stage2,1,e2300230|2ac6|4a98f99b|c40b1997,0.4290|0.1090|0.0279|0.4341,30,8,0.1351556057531604,1.1869211401279007,-0.10614088572817856,0.5164501915787455,2.39671337151366,e2300230|2ac6|4a98f99b|c40b1997,0.4274|0.1572|0.0576|0.3578
stage2,1,e2300230|2ac6|4a98f99b|c40b1997,0.4290|0.1090|0.0279|0.4341,50,1,0.09421376586585557,1.1709147074583681,-0.056371730136738546,0.041322920511149996,2.39671337151366,e2300230|2ac6|4a98f99b|c40b1997,0.4274|0.1572|0.0576|0.3578
stage2,3,e2300230|2ac6|4a98f99b|c40b1997,0.5105|0.1143|0.0421|0.3331,65,1,0.0891300404315537,1.1670963404303833,-0.07127954373986697,0.03386781962512634,2.367811793972235,e2300230|2ac6|4a98f99b|c40b1997,0.4274|0.1572|0.0576|0.3578
stage1,19,4a98f99b|0ed35c|8df189f4|54bd583a|bcbecf55,0.4762|0.1155|0.2576|0.0718|0.0789,45,4,0.09709021746553947,1.1582808414033223,-0.0943005686867893,0.17625767883583957,1.3093492431712717,,
stage2,2,e2300230|2ac6|4a98f99b|c40b1997,0.4205|0.1486|0.0409|0.3900,30,8,0.12847201470523886,1.1451240887961724,-0.1044342996462646,0.5165630370533476,2.384219441890046,e2300230|2ac6|4a98f99b|c40b1997,0.4274|0.1572|0.0576|0.3578
stage2,3,e2300230|2ac6|4a98f99b|c40b1997,0.5105|0.1143|0.0421|0.3331,35,8,0.11774277747104019,1.1290616280739854,-0.09797610478025143,0.44486775017334235,2.367811793972235,e2300230|2ac6|4a98f99b|c40b1997,0.4274|0.1572|0.0576|0.3578
stage2,1,e2300230|2ac6|4a98f99b|c40b1997,0.4290|0.1090|0.0279|0.4341,55,1,0.08690967903504866,1.108975444507438,-0.06718689808090501,0.038229742047640465,2.39671337151366,e2300230|2ac6|4a98f99b|c40b1997,0.4274|0.1572|0.0576|0.3578
stage2,3,e2300230|2ac6|4a98f99b|c40b1997,0.5105|0.1143|0.0421|0.3331,60,1,0.08747479479089262,1.104208049826754,-0.05558720246551825,0.03505247797642365,2.367811793972235,e2300230|2ac6|4a98f99b|c40b1997,0.4274|0.1572|0.0576|0.3578
stage2,3,e2300230|2ac6|4a98f99b|c40b1997,0.5105|0.1143|0.0421|0.3331,30,8,0.12374718380974076,1.1037219786571968,-0.10041196230582357,0.51629297122142,2.367811793972235,e2300230|2ac6|4a98f99b|c40b1997,0.4274|0.1572|0.0576|0.3578
stage2,3,e2300230|2ac6|4a98f99b|c40b1997,0.5105|0.1143|0.0421|0.3331,55,1,0.0896511882036294,1.097205785520267,-0.0578329650190061,0.03652483994427814,2.367811793972235,e2300230|2ac6|4a98f99b|c40b1997,0.4274|0.1572|0.0576|0.3578
stage1,16,352791cc|82c1e7c7|29864d9c_inv|bcbecf55,0.1075|0.2184|0.3700|0.3042,45,4,0.07274980142571158,0.9942376471123632,-0.09746076221590003,0.1776230865350567,0.1107041628076724,,
stage2,3,e2300230|2ac6|4a98f99b|c40b1997,0.5105|0.1143|0.0421|0.3331,25,8,0.12054852716256352,0.9767861080071588,-0.12259877972167364,0.6171294429308488,2.367811793972235,e2300230|2ac6|4a98f99b|c40b1997,0.4274|0.1572|0.0576|0.3578
stage2,2,e2300230|2ac6|4a98f99b|c40b1997,0.4205|0.1486|0.0409|0.3900,25,8,0.11834007400004873,0.9541984687781709,-0.12247810251237189,0.6159384727350494,2.384219441890046,e2300230|2ac6|4a98f99b|c40b1997,0.4274|0.1572|0.0576|0.3578
stage2,1,e2300230|2ac6|4a98f99b|c40b1997,0.4290|0.1090|0.0279|0.4341,25,8,0.11489085852742582,0.9425695724579763,-0.12142112505604241,0.616417049018305,2.39671337151366,e2300230|2ac6|4a98f99b|c40b1997,0.4274|0.1572|0.0576|0.3578
stage1,26,d4526da|29864d9c_inv|587bba62,0.0365|0.7964|0.1671,45,4,0.14903277519061411,0.9111266149903805,-0.12699366196377337,0.17115774480548454,-0.8340288517371514,,
stage1,7,8df189f4|bcbecf55|2ac6,0.2000|0.6000|0.2000,45,4,0.055719300569126363,0.6595060852912793,-0.1070226258799774,0.17746089684240013,0.9688734640670438,,
