candidate_id,model_family,target_mode,state_policy,alpha,bull_weight,bear_weight,volatile_weight,feature_count,train_sample_count,fit_sec,train_rank_ic,train_rank_ic_ir,valid_rank_ic,valid_rank_ic_ir,family,combined_ir,combined_annret,combined_mdd,combined_turnover,gate_pass,fail_reasons,horizon_days,liquidity_penalty_weight,lambda_penalty
ridge_mstate_mstate_bull20_bear_dd10_vol_dd10_trainfit_rank_wflat_a10,closed_form_weighted_ridge,mstate_bull20_bear_dd10_vol_dd10_trainfit_rank,bull20_bear_dd10_vol_dd10,10.0,1.0,1.0,1.0,20,202773,0.11194830000022193,0.06131846988214815,5.617263270965363,0.055072584926782055,4.742367532978763,market_state,1.145552239936811,0.12050046198474347,-0.24856101754132714,0.14646625866846494,False,worst_year_ir_not_positive_years=2020;combined_ir=1.14555<1.8,,,
ridge_mstate_mstate_bull20_bear_dd10_vol_dd10_trainfit_rank_wtrend_a10,closed_form_weighted_ridge,mstate_bull20_bear_dd10_vol_dd10_trainfit_rank,bull20_bear_dd10_vol_dd10,10.0,1.25,0.9,1.1,20,202773,0.11035120000087772,0.06070547236930034,5.466710364798588,0.05716645949810454,4.89711371054045,market_state,1.0653988230264355,0.11221416492839717,-0.24235930115074203,0.14704343991832364,False,portfolio_ir_gt_1_years=2<3;worst_year_ir_not_positive_years=2020;combined_ir=1.0654<1.8,,,
ridge_mstate_mstate_bull10_bear_dd10_vol_def_trainfit_rank_wtrend_a10,closed_form_weighted_ridge,mstate_bull10_bear_dd10_vol_def_trainfit_rank,bull10_bear_dd10_vol_def,10.0,1.25,0.9,1.1,20,205817,0.12183599999843864,0.0462992726184051,4.536218094299066,0.052915188130690655,4.977066044112272,market_state,1.0624471815902004,0.11067568069056356,-0.24031777721662295,0.14788546293984683,False,portfolio_ir_gt_1_years=2<3;worst_year_ir_not_positive_years=2020;combined_ir=1.06245<1.8,,,
ridge_liqsurv_liqsurv_20d_w1_trainfit_rank_a10,closed_form_ridge,liqsurv_20d_w1_trainfit_rank,,10.0,,,,20,,0.09430900000006659,0.10607732844550595,9.122442450690288,0.10508965667462322,10.000142732283399,liquidity,0.9881654863657852,0.10519549434401933,-0.25649299360446615,0.14573848755783675,False,worst_year_ir_not_positive_years=2020;combined_ir=0.988165<1.8,20,1.0,
ridge_liqsurv_liqsurv_5d_w1_trainfit_rank_a10,closed_form_ridge,liqsurv_5d_w1_trainfit_rank,,10.0,,,,20,,0.0929415999999037,0.09026132413856529,7.750646190715576,0.12031986545591125,10.837268983913896,liquidity,0.9838453264003427,0.11313310734310464,-0.26641899582291045,0.1469538501115926,False,portfolio_ir_gt_1_years=2<3;worst_year_ir_not_positive_years=2020;combined_ir=0.983845<1.8,5,1.0,
ridge_liqsurv_liqsurv_10d_w1_trainfit_rank_a10,closed_form_ridge,liqsurv_10d_w1_trainfit_rank,,10.0,,,,20,,0.09995700000217767,0.096123718042724,8.65861512814212,0.10172804401670513,9.147506266397919,liquidity,0.9022729887867066,0.10041938541894531,-0.2823157588910845,0.14646383914000433,False,portfolio_ir_gt_1_years=2<3;worst_year_ir_not_positive_years=2020;combined_ir=0.902273<1.8,10,1.0,
ridge_ddcond_ddcond_10d_lam1_trainfit_rank_a10,closed_form_ridge,ddcond_10d_lam1_trainfit_rank,,10.0,,,,20,,0.10352550000243355,0.09512009248003263,7.194221939042346,0.12910649553019668,10.604454208374733,drawdown,0.5077999376388443,0.06054603614283199,-0.3380265010004751,0.14771294140254732,False,portfolio_ir_gt_1_years=2<3;worst_year_ir_not_positive_years=2020;combined_ir=0.5078<1.8,10,,1.0
ridge_ddcond_ddcond_5d_lam1_trainfit_rank_a10,closed_form_ridge,ddcond_5d_lam1_trainfit_rank,,10.0,,,,20,,0.10333589999936521,0.07856049060349209,5.993167741243965,0.10174300663606237,8.575097928259282,drawdown,0.41572978310843234,0.048822576236232866,-0.311978233561799,0.14883250702035059,False,portfolio_ir_gt_1_years=2<3;worst_year_ir_not_positive_years=2020;combined_ir=0.41573<1.8,5,,1.0
ridge_ddcond_ddcond_20d_lam1_trainfit_rank_a10,closed_form_ridge,ddcond_20d_lam1_trainfit_rank,,10.0,,,,20,,0.09939560000202619,0.11211651383132543,8.557948159127182,0.1402155079152501,12.057904830667976,drawdown,0.36600101189901174,0.04231258545506672,-0.3747281155940996,0.14584320374914242,False,portfolio_ir_gt_1_years=2<3;worst_year_ir_not_positive_years=2020;combined_ir=0.366001<1.8,20,,1.0
